rank,rating,name,score/round,damage/round,k/d_ratio,hs_percentage(%),win_percentage(%),top_1_agents_name,top_1_agents_hours,top_1_agents_win%,top_1_agents_acs,top_2_agents_name,top_2_agents_hours,top_2_agents_win%,top_2_agents_acs,top_3_agents_name,top_3_agents_hours,top_3_agents_win%,top_3_agents_acs,top_1_weapon,top_1_weapon_kills,top_1_hs%,top_2_weapon,top_2_weapon_kills,top_2_weapon_hs%,top_3_weapon,top_3_weapon_kills,top_3_weapon_hs%
1,1196,SEN dephh#yadig,230.6,152.2,1.17,30.5,60.1,Astra,53.0,55.4,222.5,Chamber,37.0,65.6,242.1,Viper,20.0,67.6,229.3,Vandal,"2,508",43,Phantom,386,37,Operator,247,10
2,1171,NRG s0m#NRG,251.2,160.4,1.31,29.1,62.3,Astra,44.0,56.6,241.3,Sova,36.0,69.6,247.0,Brimstone,22.0,63.2,252.1,Vandal,"3,884",46,Stinger,970,27,Phantom,748,40
3,1163,ANDR0IDX23#ZpG,234.8,154.6,1.22,32.1,58.2,KAY/O,23.0,61.9,243.4,Raze,21.0,65.8,265.2,Viper,19.0,47.1,231.8,Vandal,"2,538",46,Phantom,344,37,Ghost,276,52
4,1136,RICEBALLINNN#ani,228.2,150.6,1.21,27.0,62.5,Sova,65.0,62.9,237.7,Breach,14.0,69.6,188.0,Chamber,10.0,73.7,227.6,Vandal,"2,048",40,Classic,223,31,Spectre,221,28
5,1125,SEN zekken#5193,267.5,174.2,1.4,41.4,65.7,Sova,32.0,82.5,265.7,Chamber,15.0,58.6,282.3,Reyna,11.0,70.0,267.9,Vandal,"2,686",57,Ghost,276,52,Spectre,211,48
6,1120,100T Asuna#1111,261.9,168.6,1.28,25.2,64.1,Fade,16.0,80.6,241.3,Raze,15.0,61.5,282.5,Reyna,9.8,70.0,300.6,Vandal,"1,531",36,Phantom,359,34,Ghost,212,45
7,1093,EG BcJ#5FT2,232.5,151.7,1.21,20.1,61.4,Chamber,15.0,55.6,242.1,Astra,13.0,73.9,231.7,Brimstone,12.0,38.1,242.0,Vandal,"1,867",30,Phantom,564,25,Spectre,171,20
8,1075,curry#66666,254.8,163.6,1.21,25.0,58.4,KAY/O,21.0,54.1,244.6,Raze,14.0,53.8,296.8,Sova,11.0,61.9,247.9,Vandal,"1,875",39,Phantom,623,28,Ghost,245,42
9,1063,zeldris#ALTEA,270.8,172.5,1.4,29.2,64.4,Jett,25.0,70.2,282.3,Chamber,22.0,59.0,270.2,Raze,22.0,74.4,295.2,Vandal,"1,554",43,Operator,352,8,Spectre,222,29
10,1062,nabil#jess,277.7,182.8,1.32,28.4,67.3,Reyna,24.0,71.1,291.3,Sova,8.9,68.8,246.2,Raze,6.7,69.2,263.9,Vandal,"1,343",42,Phantom,209,32,Ghost,186,47
11,1058,NaturE#RAT,263.6,170.4,1.24,27.9,63.0,Jett,20.0,71.8,286.3,KAY/O,13.0,64.0,270.8,Chamber,12.0,65.2,284.7,Vandal,"1,185",43,Phantom,813,37,Operator,258,6
12,1055,BabyJ#Halo,237.3,155.2,1.25,31.9,58.2,Sage,44.0,60.8,238.1,Cypher,27.0,68.8,238.4,Fade,22.0,44.7,229.5,Vandal,"2,846",42,Ghost,218,48,Classic,218,45
13,1013,EG JAWGEMO#MOR,248.1,160.2,1.18,26.0,60.6,Raze,36.0,57.6,283.5,Jett,21.0,71.1,260.5,Chamber,16.0,69.0,253.7,Vandal,"3,158",41,Ghost,490,48,Phantom,462,42
14,1003,V1 Zander#swag,235.9,153.4,1.2,28.3,59.3,Viper,25.0,70.8,240.1,Omen,23.0,50.0,220.3,Brimstone,19.0,56.8,233.9,Vandal,"2,545",40,Spectre,225,26,Phantom,215,34
15,996,Kanpeki#1111,246.4,161.7,1.22,28.7,55.5,Jett,23.0,60.5,260.9,Chamber,17.0,50.0,242.7,Breach,16.0,64.5,245.3,Vandal,"2,347",40,Sheriff,280,51,Phantom,249,35
16,990,GUARD neT#zero,222.9,143.9,1.14,36.3,57.9,Viper,21.0,64.1,228.2,Chamber,15.0,46.4,228.9,Sage,9.8,53.3,204.8,Vandal,"1,647",51,Phantom,453,47,Bulldog,139,44
17,990,N4RRATE#JESUS,261.6,168.8,1.25,21.8,62.7,Raze,25.0,57.1,269.9,Chamber,24.0,70.5,266.0,Reyna,17.0,68.8,271.2,Vandal,"2,149",32,Phantom,444,31,Operator,313,5
18,981,OXG Reduxx#stop,272.4,175.0,1.26,34.4,61.6,Jett,23.0,65.9,279.8,Chamber,19.0,60.0,256.7,Raze,16.0,61.3,290.4,Vandal,"1,303",51,Sheriff,277,58,Operator,204,11
19,973,SR mada#1945,246.8,160.1,1.11,30.4,57.1,Raze,32.0,70.0,268.8,Reyna,20.0,43.6,246.4,Chamber,11.0,52.2,236.4,Vandal,"2,575",46,Ghost,327,57,Spectre,239,28
20,968,brawk#uwu,231.6,153.1,1.22,26.4,59.4,Fade,21.0,60.0,229.4,Sova,11.0,50.0,226.1,Astra,7.8,53.8,216.9,Vandal,"1,258",37,Phantom,357,36,Ghost,164,41
21,968,SEN ShahZaM#jam,242.8,161.0,1.18,25.1,50.7,Raze,62.0,50.5,255.0,Sova,49.0,51.2,233.6,Jett,41.0,45.8,242.6,Vandal,"3,277",37,Operator,786,11,Phantom,468,32
22,959,C9 vanity#XITER,223.6,146.8,1.13,18.7,65.0,Reyna,22.0,65.8,245.8,Raze,6.9,75.0,219.4,Cypher,5.5,72.7,179.0,Vandal,961,30,Phantom,200,27,Operator,82,5
23,957,eeiu#1945,266.9,172.6,1.26,35.5,57.2,Reyna,33.0,52.6,265.2,Sova,24.0,65.9,269.3,Fade,14.0,50.0,261.5,Vandal,"3,086",48,Sheriff,310,51,Ghost,305,49
24,937,add3r#LFHER,234.7,154.7,1.18,34.8,58.9,Sova,40.0,61.6,232.1,Omen,8.9,56.2,224.5,Fade,8.6,35.7,218.2,Vandal,"2,170",48,Phantom,292,45,Ghost,257,56
25,928,Korsonix#100,215.4,140.6,1.23,30.0,65.2,Astra,12.0,72.7,218.3,Viper,11.0,55.0,211.8,Brimstone,11.0,63.2,213.1,Vandal,"1,030",43,Ghost,121,45,Spectre,90,24
27,918,100T bang#0000,258.2,168.9,1.28,40.3,58.3,Chamber,22.0,65.1,273.4,Viper,14.0,51.9,240.5,Omen,14.0,60.0,254.1,Phantom,"1,897",51,Vandal,408,56,Ghost,251,56
28,917,Eggsterr#NJLTC,239.1,153.1,1.02,24.6,54.2,Yoru,128.0,55.4,240.3,Skye,1.0,0.0,166.1,Sova,0.9,50.0,210.1,Vandal,"2,075",41,Phantom,647,36,Stinger,289,25
29,916,100T iiTzTimmy#iiTz,244.0,159.0,1.25,30.1,51.9,Chamber,34.0,53.2,262.7,Jett,26.0,51.1,248.6,Viper,17.0,64.3,234.9,Vandal,"2,260",45,Phantom,731,37,Operator,280,14
30,914,EG Apoth#DOG,230.0,150.2,1.16,32.3,58.6,Viper,15.0,48.3,219.0,Omen,14.0,57.7,233.2,Brimstone,14.0,59.3,233.4,Vandal,902,44,Phantom,644,41,Ghost,240,55
31,909,Cryocells#Taffy,270.4,173.2,1.34,26.0,59.3,Chamber,23.0,51.2,261.4,Raze,23.0,67.5,280.2,Jett,18.0,61.3,285.4,Vandal,"1,701",38,Operator,272,6,Ghost,235,38
32,907,wedid#0702,230.6,152.2,1.2,32.7,60.0,Viper,18.0,63.6,239.5,Raze,14.0,64.0,273.8,Omen,13.0,65.2,214.8,Vandal,"1,309",46,Phantom,"1,035",40,Ghost,264,59
33,906,nillyaz#sosa,219.8,144.7,1.16,30.3,54.5,Astra,18.0,56.2,209.5,Sova,15.0,46.4,224.5,KAY/O,9.7,41.2,224.8,Phantom,"1,011",41,Vandal,851,44,Spectre,245,32
34,904,Jonaaa6#1109,222.2,144.9,1.1,26.6,55.5,Chamber,35.0,47.6,228.5,Sova,15.0,57.1,206.8,KAY/O,11.0,42.1,232.5,Vandal,"2,093",37,Phantom,358,34,Ghost,234,46
35,903,MSF florescent#meow,263.3,175.1,1.24,37.6,55.6,Jett,38.0,55.1,260.3,Reyna,20.0,57.5,282.0,Phoenix,8.1,53.3,264.0,Vandal,"1,639",52,Phantom,214,44,Sheriff,206,64
36,903,TSM Rossy x1#jess,222.1,145.3,1.19,31.1,56.8,Sova,24.0,65.2,228.9,Breach,12.0,50.0,207.4,Astra,10.0,55.6,214.2,Vandal,"2,188",44,Classic,244,43,Bulldog,185,39
37,899,KING VINNY#NA1,229.4,149.1,1.15,26.2,59.7,Chamber,31.0,63.6,247.5,Jett,19.0,67.6,228.7,KAY/O,4.0,57.1,189.1,Vandal,888,38,Operator,354,8,Phantom,104,32
38,893,i want real sage#imeow,238.7,152.9,1.09,35.4,59.5,Chamber,25.0,73.9,238.9,Jett,11.0,30.0,247.4,Raze,10.0,52.6,251.0,Vandal,831,56,Phantom,438,44,Spectre,184,32
39,891,DraYstaR#zapr,201.7,132.0,1.16,25.8,52.1,Sova,64.0,50.0,200.1,Sage,40.0,59.4,204.1,Astra,6.7,54.5,215.5,Vandal,"1,843",37,Phantom,261,36,Sheriff,192,60
40,887,SEN tarik#1337,254.0,163.7,1.28,23.2,54.8,Chamber,113.0,60.8,251.4,Jett,60.0,51.4,259.4,Reyna,33.0,50.8,259.8,Vandal,"3,154",33,Operator,"1,190",6,Phantom,549,33
41,884,SQ PureR#260,243.6,154.2,1.25,27.2,62.4,Chamber,17.0,64.5,247.6,Jett,11.0,65.0,260.2,Fade,6.5,75.0,227.6,Vandal,798,38,Phantom,171,37,Operator,140,6
42,881,GianSanity#AIM,224.5,144.1,1.07,25.8,53.3,Jett,21.0,59.5,260.6,Chamber,15.0,46.4,227.9,Phoenix,9.0,43.8,245.3,Vandal,"1,339",39,Operator,245,8,Ghost,185,46
43,881,GUARD trent#Habib,245.9,160.3,1.19,31.1,55.8,Sova,17.0,58.1,238.5,Jett,16.0,58.1,266.2,Raze,16.0,55.2,268.3,Vandal,"1,895",49,Phantom,412,42,Spectre,266,25
44,877,poopybutt9000#watt,254.3,163.6,1.35,29.2,75.8,Viper,9.3,93.8,249.4,Chamber,4.6,44.4,261.3,Omen,3.8,62.5,244.8,Vandal,788,41,Spectre,84,25,Ghost,56,50
45,876,T1 ban#xuf,251.5,160.7,1.16,30.2,53.0,Chamber,24.0,45.5,263.2,Jett,21.0,57.9,264.5,Reyna,20.0,63.9,273.1,Vandal,"1,969",46,Phantom,425,36,Operator,285,5
46,875,samdlphn#linda,211.3,138.9,1.01,28.4,49.6,Chamber,46.0,56.1,220.0,Jett,34.0,42.6,208.5,Raze,10.0,66.7,221.0,Vandal,"1,728",43,Operator,460,10,Phantom,188,35
47,875,SR v1c#dazzL,258.5,168.2,1.37,33.2,60.0,Chamber,21.0,51.3,268.7,Brimstone,6.1,63.6,262.2,Omen,5.9,72.7,251.6,Vandal,"1,660",45,Ghost,226,53,Sheriff,143,63
48,874,Toskri#915,246.3,164.9,1.22,35.6,58.2,Reyna,28.0,71.7,261.1,Raze,18.0,60.0,242.2,Jett,15.0,37.0,250.0,Vandal,"1,653",50,Ghost,200,51,Sheriff,87,64
49,873,LFT OXY#Live,265.7,169.1,1.24,30.9,55.6,Jett,37.0,50.7,274.2,Chamber,29.0,65.4,265.8,Sova,16.0,60.0,262.2,Vandal,"2,162",47,Phantom,493,39,Operator,316,8
50,867,COL PowerPixele#EXDE,202.9,131.8,1.01,23.1,48.1,Viper,32.0,52.6,206.3,Omen,19.0,34.3,209.9,Brimstone,16.0,63.3,212.8,Vandal,"1,668",35,Phantom,945,32,Stinger,241,22
51,866,분노해서 약빨고 폭주한 우상범#ixrx3,212.0,135.5,1.01,18.9,59.6,Brimstone,28.0,62.7,221.5,Omen,14.0,53.8,201.2,Fade,12.0,65.0,217.0,Vandal,942,34,Phantom,355,27,Spectre,140,21
52,866,Bart#00000,229.6,152.5,1.05,33.5,60.9,Jett,32.0,56.1,233.7,Reyna,15.0,74.1,225.9,Raze,6.3,58.3,262.4,Vandal,"1,369",49,Ghost,131,58,Marshal,80,77
53,865,zt0L#TTV,217.1,137.0,1.02,22.8,49.0,Fade,150.0,50.2,219.2,Neon,4.3,50.0,203.1,Reyna,2.1,50.0,266.3,Vandal,"2,607",37,Phantom,495,30,Stinger,401,14
54,859,governor#ciao,264.6,168.8,1.26,29.1,51.8,Chamber,68.0,52.9,264.8,Jett,9.9,52.6,286.0,Raze,6.1,41.7,267.1,Vandal,"1,381",46,Operator,476,9,Phantom,175,31
55,853,glyph#XLVII,211.8,137.9,0.98,28.4,50.4,Reyna,24.0,57.1,227.4,Sova,18.0,57.6,204.5,Chamber,15.0,44.4,217.3,Vandal,"2,004",42,Phantom,426,31,Ghost,301,49
56,853,BLuezZ#MAIN,214.9,140.5,1.11,27.9,53.9,Chamber,67.0,55.5,224.8,Fade,56.0,55.3,207.5,Brimstone,17.0,54.8,193.8,Vandal,"2,135",40,Phantom,574,36,Operator,350,10
57,851,ZexRowFN#NA2,229.9,148.2,1.08,30.2,54.7,Chamber,49.0,52.7,238.9,Reyna,17.0,57.6,230.5,Skye,15.0,42.9,214.0,Vandal,"2,105",46,Phantom,611,37,Operator,313,6
58,848,Weixin VinLeous#wCHAT,221.3,145.6,1.07,21.1,58.8,Sova,41.0,60.8,213.9,Brimstone,15.0,59.3,207.7,Chamber,13.0,56.0,244.6,Vandal,"1,530",31,Spectre,190,20,Classic,121,37
59,847,Dark3st#7489,236.5,153.9,1.17,31.2,62.0,KAY/O,14.0,44.0,225.5,Viper,10.0,84.2,235.3,Breach,7.5,61.5,247.1,Vandal,"1,247",45,Spectre,91,38,Ghost,90,50
60,847,acrian#420,230.2,147.7,1.13,28.4,53.0,Chamber,76.0,52.2,236.6,Jett,8.5,68.8,219.6,Reyna,5.5,50.0,256.3,Vandal,"1,347",43,Operator,622,9,Guardian,136,39
61,844,EG C0M#512,220.4,144.7,1.11,27.5,55.9,Sova,21.0,56.4,229.9,Fade,15.0,50.0,216.5,Breach,6.8,66.7,224.3,Vandal,948,43,Phantom,528,34,Ghost,108,46
62,839,IMT sarah#1v9,224.8,146.7,1.12,42.4,51.6,KAY/O,32.0,50.0,237.4,Sova,31.0,49.1,215.9,Fade,20.0,60.0,208.4,Vandal,"2,337",55,Sheriff,408,69,Guardian,327,66
63,838,Playboi Joe#jvN,222.0,147.5,1.1,24.5,57.9,Sova,19.0,51.4,224.2,Fade,9.3,61.1,206.9,Raze,8.9,62.5,234.6,Vandal,"1,111",40,Phantom,267,32,Stinger,199,19
64,832,12pk#ALICE,226.1,151.3,1.12,28.6,52.8,Reyna,60.0,56.1,230.5,Chamber,5.4,44.4,227.1,Raze,3.1,33.3,233.9,Vandal,"1,515",39,Guardian,226,59,Ghost,204,50
65,832,Cosmo#ETP,230.1,146.4,1.05,21.6,54.5,Yoru,53.0,55.2,233.3,Chamber,34.0,56.9,232.2,Raze,12.0,65.2,259.2,Vandal,"1,886",33,Phantom,532,29,Stinger,291,25
66,830,Huji#SBU,228.5,149.7,1.1,22.2,52.6,Chamber,74.0,53.7,236.5,Jett,49.0,55.3,226.5,Raze,17.0,56.7,216.0,Vandal,"2,636",33,Operator,389,8,Sheriff,182,41
67,829,tex#1of1,264.0,167.2,1.38,38.9,60.2,Chamber,43.0,64.0,265.2,Jett,13.0,58.3,260.1,Fade,4.2,25.0,224.8,Vandal,"1,172",53,Operator,341,11,Ghost,235,64
69,827,FS dcop#peach,235.0,154.9,1.05,20.8,51.8,Raze,33.0,54.0,259.9,KAY/O,25.0,55.6,219.6,Chamber,6.8,38.5,222.7,Vandal,"1,074",37,Phantom,612,28,Ghost,197,46
70,823,reach#lavi,254.2,163.2,1.27,25.3,56.6,Chamber,23.0,55.0,250.1,Jett,17.0,60.6,251.1,Raze,9.5,55.6,271.5,Vandal,996,41,Operator,207,6,Stinger,85,28
71,823,TiGG#alot,230.0,148.6,1.13,28.2,51.5,Chamber,37.0,56.2,243.3,KAY/O,12.0,52.2,233.2,Fade,12.0,47.8,265.3,Vandal,"2,805",45,Operator,291,8,Ghost,198,50
72,822,req#oppaí,261.5,170.6,1.36,35.2,54.5,Chamber,44.0,57.5,260.6,Reyna,12.0,65.2,290.3,Jett,10.0,36.8,232.8,Vandal,"2,076",49,Ghost,268,52,Operator,231,6
73,821,Radiant Ronald#Sigma,247.6,154.8,1.04,16.3,48.0,Phoenix,87.0,47.4,256.0,Reyna,50.0,49.5,244.4,Yoru,23.0,46.5,238.4,Phantom,"2,265",28,Vandal,"1,392",34,Judge,795,9
74,819,Bankroft#ROFL,226.5,149.0,1.13,22.7,55.2,Astra,16.0,64.3,237.7,Breach,11.0,47.6,243.8,Sova,8.9,40.0,210.7,Vandal,"1,284",34,Phantom,288,25,Classic,176,39
75,816,WaterBuffalo#Buff,215.8,142.3,1.13,26.7,52.4,Sova,49.0,51.7,209.0,Chamber,48.0,52.9,237.7,Brimstone,18.0,63.3,208.5,Vandal,"2,379",39,Operator,240,10,Spectre,166,21
76,815,koalanoob#mikuu,299.2,188.3,1.46,27.4,59.1,Chamber,54.0,57.0,301.8,Jett,27.0,67.3,302.4,Brimstone,9.8,55.6,272.1,Vandal,"2,110",39,Operator,801,8,Ghost,340,45
77,815,NRG FNS#daddy,207.9,138.4,0.97,23.0,58.4,Viper,67.0,49.6,207.3,Killjoy,44.0,71.6,222.1,Sage,19.0,63.6,184.7,Vandal,"1,821",35,Phantom,"1,103",32,Spectre,508,26
78,813,Masaru#SKYE,180.4,113.6,0.92,18.4,51.6,Skye,189.0,50.8,178.7,Yoru,28.0,60.0,197.5,Chamber,4.8,25.0,176.7,Vandal,"1,862",32,Operator,"1,282",7,Phantom,516,32
79,811,voriac#joon,222.7,144.1,1.08,20.3,51.8,Brimstone,16.0,60.7,225.0,Chamber,11.0,45.0,223.5,Astra,8.0,38.5,218.6,Vandal,"1,230",30,Phantom,299,31,Odin,171,19
80,807,zinc#ncie,196.9,130.1,1.01,33.9,50.0,Cypher,18.0,57.6,199.1,KAY/O,17.0,40.0,185.8,Fade,15.0,63.0,200.6,Vandal,"1,761",47,Phantom,499,41,Ghost,248,55
81,799,Harmful#Rossy,268.4,170.6,1.33,34.9,57.3,Chamber,27.0,50.0,262.5,Jett,15.0,69.0,294.7,Reyna,3.2,66.7,236.6,Vandal,686,52,Operator,389,7,Sheriff,95,59
82,799,Velocity#Smile,225.6,149.4,1.05,28.4,53.8,Jett,30.0,58.2,231.4,Chamber,27.0,50.9,212.5,Reyna,17.0,53.1,246.7,Vandal,"2,282",43,Phantom,583,37,Sheriff,325,53
83,796,yzal#0000,254.2,165.7,1.2,29.1,59.4,Jett,89.0,60.0,264.3,Chamber,32.0,54.4,233.6,Reyna,9.8,68.8,257.0,Vandal,"2,923",41,Operator,584,10,Sheriff,436,44
84,793,AI jangler#kai,214.5,141.1,1.13,29.1,51.7,Viper,19.0,48.6,201.3,Omen,18.0,51.5,204.2,Astra,16.0,65.5,229.1,Vandal,"1,731",41,Phantom,247,35,Sheriff,170,60
85,792,tR jeffie#silly,229.8,150.4,1.08,28.4,48.3,Chamber,44.0,50.6,243.1,Raze,7.0,46.2,261.4,Fade,6.9,58.3,198.0,Vandal,852,42,Phantom,599,40,Operator,156,9
86,792,OTF Calc#PRBLM,235.3,156.5,1.05,22.3,54.3,Raze,56.0,59.4,253.8,Jett,17.0,45.2,233.0,Phoenix,15.0,69.2,233.7,Vandal,"1,793",36,Phantom,577,32,Spectre,304,22
87,791,King#027,201.9,134.8,1.05,35.2,51.7,Sova,47.0,54.2,204.5,Fade,17.0,69.0,201.1,Brimstone,10.0,33.3,208.1,Vandal,"1,587",49,Phantom,285,38,Ghost,245,57
88,788,Dani#DDD,222.0,146.8,1.12,26.6,52.5,Sova,31.0,64.9,216.1,Reyna,12.0,42.9,238.1,Raze,12.0,40.9,233.8,Vandal,"1,171",39,Phantom,490,35,Ghost,222,45
89,787,infiltrator#000,234.6,151.2,1.03,33.1,51.1,Chamber,70.0,54.5,239.3,Jett,52.0,48.9,243.3,Fade,14.0,61.5,229.6,Vandal,"4,018",50,Ghost,385,48,Operator,378,8
90,784,subby#beep,198.8,131.0,1.02,22.3,64.2,Fade,36.0,60.6,190.2,Jett,16.0,79.3,214.7,Brimstone,10.0,73.7,191.6,Phantom,671,32,Vandal,664,34,Spectre,107,17
91,783,Relyks#vibin,220.5,144.9,1.1,26.2,52.9,Raze,18.0,62.5,219.0,Jett,15.0,44.4,229.5,Chamber,14.0,54.2,219.8,Vandal,"1,458",37,Spectre,213,24,Ghost,151,46
92,778,khs#LOST,228.3,148.6,1.05,24.1,53.1,Chamber,45.0,50.0,236.4,Sova,29.0,60.7,218.8,Raze,19.0,46.9,247.5,Vandal,"2,293",37,Phantom,504,34,Operator,294,5
93,777,SEN SicK#xDDDD,273.6,177.7,1.36,30.4,56.4,Chamber,17.0,59.4,277.5,Phoenix,5.3,70.0,316.4,Harbor,4.6,62.5,233.5,Phantom,619,39,Vandal,523,43,Spectre,165,36
94,776,stallion#MUNCH,207.7,136.7,1.01,23.2,51.9,Raze,24.0,52.3,222.5,Fade,21.0,42.1,202.8,Jett,17.0,40.6,232.4,Vandal,"1,806",38,Phantom,939,29,Spectre,295,25
95,775,jovahnii#ezlol,221.0,144.7,1.04,29.7,54.8,Fade,24.0,59.1,229.7,Sova,15.0,51.7,211.2,KAY/O,9.1,53.3,214.8,Vandal,"1,331",46,Phantom,342,39,Ghost,122,57
96,775,Warmest Aloha#SKz,242.5,156.8,1.19,23.7,51.3,Reyna,22.0,51.2,274.3,Chamber,15.0,64.0,213.1,Phoenix,14.0,50.0,244.4,Vandal,"1,573",36,Spectre,345,25,Stinger,164,20
97,774,Wicked#Weeb,236.5,153.7,1.04,37.5,50.8,Jett,62.0,47.0,244.9,Chamber,35.0,55.6,237.8,Raze,6.6,50.0,225.3,Vandal,"2,489",51,Ghost,217,57,Operator,203,15
98,772,Clewy#333,210.6,140.0,1.09,27.3,52.1,Chamber,15.0,63.3,229.5,Sova,7.0,72.7,214.5,Viper,4.2,37.5,171.9,Vandal,768,39,Phantom,139,32,Ghost,101,38
99,771,T1 MUNCHKIN#T1WIN,250.3,161.9,1.24,21.9,58.8,Jett,13.0,60.9,304.3,Chamber,11.0,50.0,241.7,Omen,4.3,62.5,220.6,Vandal,798,31,Operator,127,13,Ghost,92,43
100,769,mercy#17yrs,187.8,125.5,0.91,28.2,51.6,Astra,45.0,55.1,194.6,Sova,38.0,43.9,191.4,Brimstone,30.0,57.4,196.9,Vandal,"2,141",43,Phantom,"1,380",38,Spectre,367,31
101,768,NRG THWIFO#CONE,236.9,152.0,1.19,27.2,51.3,Chamber,19.0,47.2,250.6,Fade,13.0,43.5,238.4,Cypher,5.2,77.8,217.0,Vandal,"1,202",45,Operator,93,3,Ghost,89,46
102,768,UCR Andrew#sammy,277.0,178.5,1.26,27.2,53.8,Jett,23.0,53.5,285.9,Chamber,16.0,53.3,254.9,Raze,5.1,55.6,288.4,Vandal,"1,068",42,Phantom,214,32,Sheriff,133,50
103,767,aika x1#xoxo,244.7,158.1,1.25,26.5,51.4,Chamber,17.0,51.7,243.7,Jett,16.0,36.7,252.1,Raze,5.7,60.0,293.5,Vandal,"1,173",38,Spectre,157,22,Ghost,142,48
104,765,Yum07#007,220.2,144.1,1.12,22.0,66.7,Brimstone,10.0,66.7,211.3,Astra,10.0,66.7,214.7,Viper,10.0,73.7,231.1,Vandal,708,37,Spectre,113,22,Frenzy,84,28
105,764,SQN zero cap#JHA,219.0,145.6,1.09,31.5,54.4,Chamber,24.0,51.2,233.4,Fade,23.0,62.5,216.3,Sova,10.0,68.4,210.0,Vandal,"1,922",45,Sheriff,250,63,Ghost,226,54
106,758,Andersin#WOOF,218.8,144.6,1.05,28.4,52.7,Fade,43.0,55.8,219.3,Sova,22.0,55.0,220.2,Breach,10.0,42.1,222.9,Vandal,"1,621",41,Phantom,710,35,Ghost,312,45
107,756,Xeetii#kimi,229.4,148.6,1.11,29.1,53.6,Chamber,32.0,60.3,225.2,Fade,9.8,61.1,210.0,Jett,9.7,45.0,249.3,Vandal,"1,256",43,Phantom,388,37,Operator,210,11
108,753,Segov#4528,238.3,156.2,1.12,29.5,56.3,Sova,118.0,55.2,237.3,Phoenix,32.0,55.2,255.0,Chamber,26.0,54.2,243.5,Vandal,"4,921",33,Ghost,575,57,Sheriff,552,77
109,752,satellite#twitr,208.4,135.0,0.95,20.0,50.2,Jett,36.0,43.8,216.0,Chamber,30.0,53.6,216.0,Raze,20.0,41.2,202.5,Vandal,"1,433",33,Phantom,438,25,Operator,279,5
110,751,Pain#LFT,233.1,156.1,1.09,34.0,46.5,Jett,35.0,43.9,221.6,Raze,33.0,39.0,248.5,Chamber,14.0,68.0,220.4,Vandal,"1,935",53,Sheriff,243,63,Ghost,159,53
111,750,bearkun#her,230.5,146.8,1.21,22.6,53.0,Chamber,179.0,54.3,234.3,Brimstone,6.1,54.5,250.9,Raze,5.1,55.6,241.9,Vandal,"2,318",36,Operator,"1,700",7,Marshal,245,19
112,747,okeanos#502,236.8,150.6,1.08,36.8,51.7,Chamber,59.0,48.6,236.8,Reyna,22.0,64.3,264.4,Jett,12.0,45.5,249.6,Vandal,"2,210",54,Operator,416,8,Ghost,285,54
113,745,mikester#wtp,224.7,145.1,1.08,27.2,56.0,KAY/O,8.2,57.1,229.2,Jett,6.2,81.8,249.1,Viper,5.8,60.0,207.2,Vandal,899,37,Phantom,168,31,Sheriff,102,53
114,742,HAXXA#LFT,233.7,150.6,1.22,25.9,52.1,Chamber,58.0,53.3,238.8,Raze,2.9,40.0,231.1,Jett,1.6,0.0,161.8,Vandal,832,38,Operator,456,9,Ghost,82,43
115,739,Typo#IDC,225.1,147.0,1.03,28.8,49.3,Jett,45.0,42.9,237.3,Raze,29.0,58.5,239.2,Chamber,7.0,38.5,204.5,Vandal,"1,990",44,Sheriff,317,59,Ghost,233,54
116,738,SR bdog#92122,254.1,162.6,1.31,25.7,53.9,Chamber,44.0,51.9,252.4,Jett,8.0,64.3,289.6,Sage,4.3,50.0,226.8,Vandal,568,35,Phantom,472,34,Operator,397,8
117,737,Shawn12590#bibi,225.8,147.0,1.1,29.9,53.2,KAY/O,16.0,51.7,233.6,Sova,10.0,57.9,207.6,Phoenix,6.0,54.5,262.2,Phantom,"1,019",41,Vandal,229,46,Spectre,189,27
118,737,Khanartist2#troll,219.4,142.2,1.04,28.3,55.1,Chamber,11.0,65.2,237.8,Sova,11.0,45.0,219.1,Raze,4.0,71.4,214.0,Vandal,797,44,Operator,122,11,Ghost,91,46
119,737,PapaSmurf#LFT,197.7,129.0,0.95,24.7,52.2,Viper,21.0,42.1,205.5,Brimstone,11.0,55.0,202.2,Sova,10.0,35.0,166.6,Vandal,"1,137",38,Phantom,477,34,Spectre,170,24
120,734,Harmon#BARK,205.5,135.1,0.97,29.7,47.2,Sova,48.0,51.1,213.1,Fade,30.0,43.1,192.8,KAY/O,24.0,42.9,208.8,Vandal,"1,759",46,Phantom,852,37,Ghost,199,50
121,732,ALEKSANDAR#3500,231.5,150.5,1.16,40.4,50.0,Chamber,23.0,65.0,242.1,KAY/O,19.0,44.4,196.5,Jett,19.0,58.8,257.6,Vandal,"2,151",57,Sheriff,327,75,Ghost,291,63
122,730,sufu#7396,207.9,135.1,0.99,25.1,49.6,Sova,27.0,41.7,206.3,Reyna,14.0,60.0,237.9,Skye,9.2,75.0,197.9,Vandal,"1,180",39,Stinger,226,27,Phantom,167,31
123,730,ControllaScrimma#EL2,205.2,133.6,0.97,31.9,51.0,Reyna,42.0,47.4,210.1,Raze,15.0,57.1,204.8,Phoenix,12.0,61.9,201.7,Vandal,"1,719",46,Phantom,283,39,Ghost,228,55
124,729,V1 effys#LBE,206.6,137.2,1.1,25.6,62.0,Fade,9.8,64.7,214.6,Sova,9.6,52.9,201.4,Chamber,5.8,90.9,231.0,Vandal,854,39,Classic,78,35,Phantom,48,37
126,729,sukhdeepFPS#ttv,225.2,150.7,1.05,22.8,48.8,Raze,54.0,50.5,246.3,Fade,28.0,46.9,209.1,KAY/O,25.0,44.4,217.8,Vandal,"2,178",35,Phantom,402,33,Spectre,398,25
127,729,sexy bean#jakee,268.3,170.9,1.22,34.7,49.2,Jett,28.0,64.2,303.7,Chamber,13.0,39.1,288.1,Viper,12.0,44.0,249.4,Vandal,"2,711",44,Ghost,295,56,Sheriff,144,63
128,726,evy#7TEEN,237.0,152.4,1.14,33.8,48.0,Reyna,33.0,50.0,257.3,Chamber,33.0,45.6,238.1,Jett,29.0,48.1,237.3,Vandal,"2,364",51,Phantom,292,44,Ghost,224,56
129,726,ZachaREEE#rift,210.8,139.1,1.03,29.9,48.8,Astra,14.0,52.0,215.8,Viper,14.0,60.0,214.8,Harbor,12.0,31.8,180.7,Vandal,"1,842",45,Phantom,451,37,Sheriff,201,66
130,726,V1 wippie#nori,247.9,163.4,1.22,22.2,50.6,Chamber,37.0,55.9,249.9,Astra,15.0,60.7,241.5,Killjoy,6.3,18.2,245.0,Vandal,"1,743",31,Bulldog,223,30,Operator,213,4
131,725,gimp#1337,235.1,153.0,1.01,26.6,54.8,Phoenix,37.0,47.1,245.4,Reyna,20.0,74.3,251.9,Breach,7.4,46.2,183.8,Vandal,"1,739",36,Ghost,261,48,Stinger,111,34
132,722,foreign#4299,246.7,161.3,1.36,26.8,61.5,Sova,7.6,71.4,265.1,Raze,5.3,44.4,272.1,Cypher,3.4,50.0,233.8,Vandal,666,40,Phantom,178,35,Ghost,105,51
133,721,azrex#OPIUM,228.9,145.5,1.09,25.6,52.6,Jett,34.0,52.4,235.7,Chamber,33.0,53.4,226.6,KAY/O,3.2,60.0,234.7,Vandal,"1,023",41,Operator,465,8,Sheriff,157,60
134,720,gamer#VAL,201.9,130.7,0.98,17.0,53.0,Yoru,47.0,53.0,208.0,Reyna,12.0,60.9,216.7,Chamber,8.4,21.4,192.3,Vandal,"1,419",26,Stinger,394,14,Phantom,118,25
135,718,MAR1#Live,206.9,135.6,1.04,34.4,50.0,KAY/O,29.0,52.9,205.1,Viper,11.0,60.0,206.8,Skye,8.0,42.9,194.0,Vandal,"1,274",46,Phantom,303,45,Ghost,216,54
136,716,TTV Racoone#242,220.9,137.5,0.89,13.7,49.2,Raze,122.0,50.9,226.9,Reyna,18.0,54.3,227.9,Jett,13.0,50.0,204.4,Vandal,"1,555",35,Judge,"1,399",12,Phantom,484,28
137,716,Murked#sauce,224.8,149.6,1.01,33.9,48.8,Sova,45.0,51.2,231.4,Brimstone,19.0,50.0,216.8,Chamber,8.4,31.2,225.3,Vandal,"1,646",48,Phantom,403,38,Ghost,195,47
138,716,marshJESUS#CART,281.6,180.2,1.33,21.9,64.2,Raze,13.0,57.7,281.1,Jett,12.0,73.9,294.5,Yoru,11.0,71.4,299.0,Vandal,"1,333",32,Phantom,176,29,Classic,130,32
139,715,sharky#wock,227.0,148.5,1.1,24.5,50.4,Raze,11.0,55.0,258.5,Fade,9.9,44.4,216.2,Omen,9.1,56.2,223.2,Vandal,"1,049",36,Phantom,278,34,Sheriff,141,67
140,715,wεLyỵ4#ŒΞΞΞΞ,181.4,123.0,0.97,29.6,57.6,Sova,24.0,60.5,181.3,Fade,6.6,63.6,189.7,Breach,5.6,33.3,172.6,Vandal,381,47,Phantom,263,42,Odin,78,18
142,711,OPAC WARDELL#OPAC,262.6,167.3,1.37,29.4,51.1,Chamber,47.0,55.3,265.6,Jett,29.0,41.5,263.0,Omen,6.0,60.0,246.7,Vandal,"1,207",45,Operator,794,9,Phantom,439,38
143,711,C9 Zellsis#1240,225.9,147.6,1.05,24.9,50.5,Raze,34.0,57.4,252.0,KAY/O,21.0,46.2,210.6,Sova,18.0,58.3,220.6,Vandal,"1,883",41,Phantom,"1,212",32,Stinger,316,26
145,709,alexNAsgreatest#kun,239.6,154.8,1.17,31.2,53.5,Jett,25.0,45.7,251.5,Reyna,6.3,90.9,234.3,Chamber,5.5,72.7,244.2,Vandal,983,43,Ghost,164,47,Sheriff,105,63
146,708,ASP MICKNUTTY333#meow,190.2,124.9,0.9,25.1,52.4,Sova,54.0,60.2,185.4,Astra,46.0,56.1,190.1,Chamber,39.0,48.6,208.3,Vandal,"2,589",39,Phantom,"1,654",33,Ghost,396,42
147,708,CVU Wildfire#valid,228.3,152.5,1.18,29.1,54.4,Fade,33.0,52.5,222.6,Jett,22.0,48.8,250.1,Sova,15.0,59.3,231.3,Vandal,"2,078",42,Sheriff,473,54,Ghost,281,42
148,707,shondex#snx,230.4,151.2,1.18,34.8,49.5,Chamber,38.0,51.5,243.5,Fade,4.2,57.1,210.1,KAY/O,3.4,40.0,214.4,Vandal,"1,103",49,Ghost,153,55,Operator,125,6
149,707,Soop#hater,239.3,156.8,1.06,25.5,50.5,Raze,68.0,53.2,258.4,Jett,42.0,52.6,239.9,Phoenix,19.0,61.8,247.2,Vandal,"3,987",39,Spectre,357,24,Classic,327,36
150,706,ScrewFace#TALL,245.4,158.4,1.2,23.9,51.7,Jett,41.0,54.8,254.9,Chamber,34.0,52.5,245.7,Raze,30.0,63.5,241.9,Vandal,"1,408",44,Operator,946,10,Phantom,537,34
151,706,Løgan#tiana,266.5,175.6,1.42,26.8,56.7,Chamber,18.0,47.1,253.8,Reyna,13.0,52.2,272.2,Sova,7.9,76.9,281.1,Vandal,"1,274",35,Ghost,194,42,Operator,135,5
152,703,OXG Verno#777,244.3,160.8,1.44,32.0,53.5,Sova,10.0,66.7,262.0,Fade,7.6,42.9,249.4,Astra,4.9,44.4,224.4,Vandal,"1,053",44,Phantom,123,38,Ghost,98,40
153,702,I love jihee#owner,201.7,132.7,0.88,24.3,54.7,Raze,20.0,52.8,224.2,Sova,14.0,52.0,167.0,Reyna,14.0,60.0,213.7,Vandal,"1,075",44,Phantom,227,38,Ghost,112,48
154,702,END Cell#GLHF,219.0,142.7,1.1,22.3,56.4,Sova,17.0,64.5,220.0,Fade,14.0,58.3,193.9,Chamber,12.0,36.4,237.5,Vandal,"1,024",31,Phantom,582,34,Spectre,164,20
155,701,icy#4444,228.0,147.8,1.09,26.3,47.9,Chamber,29.0,52.9,241.5,Killjoy,9.7,66.7,251.8,Brimstone,8.9,21.4,222.5,Vandal,"1,243",41,Phantom,330,34,Spectre,202,28
156,701,GenZ 299#2274,232.5,151.7,1.0,24.7,47.2,Jett,54.0,51.0,241.9,Chamber,41.0,51.3,231.1,Reyna,28.0,48.0,242.9,Vandal,"2,454",41,Phantom,610,33,Operator,444,10
157,701,Jakobe#TTV,238.4,154.6,1.2,27.5,56.4,Chamber,20.0,60.5,242.2,Jett,16.0,54.8,242.1,Fade,6.6,50.0,226.2,Vandal,780,40,Operator,171,5,Phantom,98,36
158,700,Thieney#NA1,210.5,137.1,0.98,23.9,52.8,Fade,33.0,58.6,205.0,Sova,14.0,42.3,208.0,Chamber,12.0,54.5,227.7,Vandal,"1,894",34,Phantom,292,28,Sheriff,289,48
159,699,yaz#Iran,207.9,138.5,1.01,23.5,49.8,Sova,45.0,48.2,202.8,Fade,26.0,45.7,199.7,Chamber,15.0,64.3,212.2,Vandal,"1,163",38,Phantom,666,28,Sheriff,174,55
160,698,SQ mina#weeb,211.1,138.6,1.0,24.7,52.7,Chamber,18.0,50.0,225.4,Jett,15.0,50.0,227.0,Raze,9.4,43.8,229.0,Vandal,"1,129",37,Operator,294,10,Phantom,239,32
161,696,DAVID#099,274.6,175.5,1.35,25.4,57.7,Chamber,95.0,60.7,274.2,Reyna,60.0,60.2,288.1,Sova,32.0,54.2,263.9,Vandal,"3,505",37,Phantom,"2,528",33,Spectre,"1,019",25
162,695,ZeroData#NA1,220.8,146.2,1.11,32.8,53.4,Chamber,18.0,57.6,226.5,Sova,16.0,55.2,205.5,Omen,6.9,50.0,227.8,Vandal,"1,639",46,Sheriff,243,61,Phantom,198,35
163,694,ASP Legend#9520,214.9,142.7,1.04,23.9,50.7,Jett,18.0,48.4,215.8,Chamber,18.0,55.9,219.1,Raze,11.0,47.6,231.4,Vandal,852,39,Operator,228,10,Phantom,201,32
164,693,Ali#owbot,242.1,157.7,1.21,31.6,52.5,Chamber,15.0,50.0,241.5,Brimstone,9.5,31.2,244.9,Jett,8.9,37.5,249.5,Vandal,"1,185",44,Ghost,109,45,Sheriff,105,53
165,693,renz#77777,217.1,143.1,1.05,31.6,52.2,Chamber,19.0,66.7,238.8,Fade,12.0,60.0,205.7,Sova,12.0,33.3,232.6,Vandal,"1,530",45,Phantom,199,35,Sheriff,170,51
166,692,toxik#cRYin,199.9,130.9,0.95,25.8,48.7,Chamber,61.0,43.1,208.2,Sova,57.0,50.5,207.4,Fade,29.0,50.0,185.8,Vandal,"2,989",39,Phantom,"1,105",34,Spectre,350,28
168,690,zeek#lydia,205.0,133.3,1.04,27.6,56.2,Viper,12.0,60.9,211.5,Brimstone,11.0,60.0,200.3,Omen,11.0,52.4,208.5,Vandal,584,42,Phantom,512,37,Spectre,156,28
169,688,SR dazzLe#708,230.5,149.9,1.05,19.7,51.8,Sova,14.0,48.1,229.2,Fade,13.0,54.2,223.3,Raze,11.0,52.6,240.2,Vandal,947,32,Phantom,199,28,Spectre,145,16
170,687,oderus#nsic,241.8,158.7,1.19,33.8,58.3,Chamber,25.0,56.8,246.1,Jett,1.9,75.0,284.8,Viper,1.6,100.0,185.5,Vandal,454,46,Phantom,329,42,Sheriff,38,60
171,687,Neon#HARD,255.2,164.2,1.38,21.7,53.9,Chamber,28.0,53.8,258.4,Raze,6.2,63.6,260.2,Jett,5.5,40.0,236.6,Vandal,448,38,Operator,285,5,Phantom,163,32
172,687,BU XYoshiZ#zoom,226.8,146.9,1.12,36.5,52.8,Jett,44.0,55.6,236.1,Chamber,5.1,60.0,223.1,Sage,5.0,30.0,198.8,Vandal,"1,134",49,Operator,130,7,Ghost,121,57
173,687,StarBound#idk,219.7,141.1,1.21,18.0,53.9,Chamber,34.0,56.7,231.6,Omen,7.3,78.6,208.6,Fade,5.9,45.5,194.9,Vandal,"1,031",28,Operator,305,5,Ghost,107,28
174,686,Riot YaBoiDre#DHC,222.2,144.6,1.06,35.6,51.0,Chamber,24.0,58.1,232.8,Fade,11.0,42.1,232.9,Jett,3.1,20.0,198.9,Vandal,845,52,Phantom,293,47,Ghost,121,49
176,686,C9 Xeppaa#XITER,250.3,163.2,1.15,24.0,50.8,Fade,62.0,59.0,250.1,Raze,33.0,55.9,280.8,Sova,14.0,46.4,237.4,Vandal,"2,411",37,Phantom,"1,553",31,Spectre,427,25
177,683,EG reformed#5731,219.4,144.4,1.0,25.4,47.2,Jett,12.0,57.7,218.4,Chamber,9.1,40.0,238.0,Raze,7.1,46.2,242.2,Vandal,747,38,Phantom,134,31,Spectre,107,25
178,683,tR Pa1nt#BeanZ,238.7,155.2,1.15,28.8,49.0,Raze,15.0,50.0,262.2,KAY/O,12.0,36.4,235.4,Chamber,10.0,31.6,235.1,Vandal,"1,585",43,Ghost,236,48,Sheriff,151,53
179,683,SQN nathn#4970,233.3,151.8,1.13,34.9,50.0,Chamber,18.0,46.9,218.1,Jett,14.0,47.8,258.5,Raze,5.7,40.0,261.4,Vandal,"1,119",51,Operator,133,6,Phantom,111,43
180,683,Chubsta#Lola,204.6,130.1,0.97,24.2,53.5,Jett,80.0,54.9,205.2,Reyna,5.1,44.4,220.0,Harbor,0.6,0.0,76.1,Vandal,"1,379",46,Shorty,246,11,Sheriff,172,58
181,681,Im Him#4fun,204.6,133.7,1.08,22.0,46.7,Chamber,26.0,50.0,223.1,Brimstone,21.0,56.8,214.6,Phoenix,20.0,38.9,236.9,Vandal,"2,036",38,Phantom,370,36,Operator,243,9
182,680,100T Derrek#100,233.1,154.8,1.09,36.1,47.5,Sova,24.0,66.7,231.6,Reyna,20.0,54.1,256.9,Fade,17.0,38.7,228.4,Vandal,"1,857",53,Ghost,223,53,Phantom,212,43
183,679,Sofa#000,203.0,134.0,1.0,24.0,49.5,Sova,21.0,54.1,199.7,KAY/O,18.0,39.4,205.2,Fade,18.0,57.6,210.4,Vandal,"1,816",35,Spectre,271,24,Phantom,271,30
184,678,pwny#001,236.9,153.4,1.19,27.6,55.9,Raze,12.0,57.1,251.5,Jett,11.0,50.0,244.3,Chamber,5.3,60.0,224.7,Vandal,618,43,Operator,102,6,Ghost,88,58
185,678,bjor#LIGMA,237.5,158.0,1.18,25.5,50.8,Astra,32.0,55.9,249.7,Omen,26.0,48.9,236.8,Brimstone,24.0,47.6,235.4,Vandal,"2,237",36,Phantom,817,35,Ghost,342,40
186,678,Vxya#Dope,200.3,130.4,0.94,33.9,52.3,Fade,11.0,47.4,185.4,Astra,10.0,78.9,214.1,Viper,10.0,47.4,200.5,Vandal,"1,074",52,Phantom,246,45,Spectre,105,41
187,678,Jayy#yyaJ,199.6,131.9,0.97,26.0,50.7,Sage,78.0,54.0,201.7,Astra,12.0,68.4,181.9,Viper,11.0,40.0,190.1,Vandal,"1,968",38,Phantom,355,31,Ghost,286,42
188,675,Tim#Trin,213.0,137.8,1.02,25.4,47.7,Viper,12.0,50.0,192.2,Brimstone,12.0,59.1,231.1,Omen,9.5,44.4,213.1,Vandal,"1,295",36,Phantom,145,31,Spectre,141,22
189,675,ASP roompa#zzZ,214.1,138.9,1.04,31.3,49.6,Chamber,44.0,53.2,222.7,Sova,26.0,50.0,225.4,Reyna,8.2,53.3,229.1,Vandal,"1,951",44,Phantom,334,38,Ghost,234,47
190,673,Top#kouki,196.6,131.3,0.92,29.9,49.3,Sova,19.0,45.7,200.1,Omen,8.8,42.9,189.3,Viper,8.2,57.1,209.4,Vandal,952,47,Phantom,279,41,Sheriff,122,59
191,673,AMIR IS REFORMED#amir,226.0,146.6,0.96,28.4,50.8,Jett,26.0,54.3,227.0,Reyna,24.0,54.2,242.7,Chamber,21.0,42.1,225.4,Vandal,"1,720",41,Phantom,443,37,Ghost,211,47
192,671,Dinxx#frog,217.7,143.2,1.04,26.5,47.9,Jett,33.0,53.4,228.0,Raze,26.0,41.7,230.8,Chamber,15.0,46.4,188.0,Phantom,898,37,Vandal,417,44,Spectre,209,27
193,671,Kuro#Churo,216.1,137.6,1.02,20.9,50.4,Chamber,37.0,47.0,227.4,Jett,17.0,45.2,263.4,Sova,12.0,65.2,194.4,Vandal,"1,496",36,Operator,400,6,Phantom,391,34
194,669,Tsuya#gigi,231.8,147.3,0.97,18.3,50.0,Jett,32.0,54.2,241.3,Raze,8.5,53.8,232.3,Reyna,5.4,30.0,200.5,Vandal,768,32,Operator,198,10,Stinger,141,20
195,668,Mira#MomG,238.5,154.9,1.2,28.7,50.0,Chamber,17.0,36.7,238.4,Raze,6.6,66.7,245.9,Viper,6.1,66.7,236.9,Vandal,824,43,Phantom,549,39,Ghost,181,55
196,668,AI kev#FPS,220.6,143.2,0.92,29.5,46.8,Jett,28.0,48.0,221.4,Raze,21.0,47.5,222.1,Neon,21.0,31.6,221.9,Vandal,"1,991",43,Ghost,222,57,Sheriff,120,52
197,668,ness#chat,210.6,138.3,1.1,39.6,47.8,Fade,31.0,43.6,206.2,Sova,24.0,55.8,211.9,Harbor,6.9,33.3,207.2,Vandal,"1,633",55,Sheriff,167,76,Ghost,166,59
198,667,lucas#fonem,225.7,145.5,1.07,25.5,53.6,Viper,5.9,72.7,223.4,Chamber,5.5,60.0,272.0,Jett,4.8,66.7,269.0,Vandal,383,45,Phantom,191,41,Operator,98,11
199,667,XSET Noia#iceqb,243.2,160.0,1.22,33.4,51.7,Chamber,82.0,50.3,249.0,Jett,34.0,54.1,248.3,Reyna,15.0,46.4,244.8,Vandal,"3,445",47,Operator,406,9,Sheriff,370,50
200,667,Balooz#Clues,218.6,142.3,1.11,24.0,55.4,Chamber,49.0,56.2,223.7,Jett,18.0,58.1,224.5,Reyna,8.3,56.2,240.3,Vandal,"1,007",39,Operator,455,7,Marshal,263,42
201,666,chime#mpdt,218.9,145.0,1.07,32.9,46.2,Jett,19.0,44.1,224.8,Chamber,15.0,34.5,221.6,Raze,13.0,54.2,250.1,Vandal,"1,786",48,Ghost,254,54,Phantom,241,50
202,666,unstable#meow,219.0,141.1,1.04,32.2,51.3,Jett,57.0,50.5,228.4,Reyna,15.0,55.2,236.5,Chamber,9.2,35.3,201.6,Vandal,"1,763",49,Phantom,222,45,Ghost,170,62
203,665,GUARD P0PPIN#SWING,210.9,134.9,0.95,27.4,50.4,Chamber,46.0,42.9,218.4,Jett,25.0,53.2,215.2,Sova,13.0,52.0,197.9,Vandal,"1,627",44,Phantom,618,35,Operator,206,11
204,661,Swifts#1414,230.3,150.2,0.98,29.0,54.2,Jett,40.0,47.3,221.4,Raze,32.0,56.5,255.3,Neon,13.0,45.8,218.8,Vandal,"2,134",43,Ghost,279,47,Spectre,230,35
205,661,oGee#Joeyy,225.3,148.3,1.13,32.0,52.4,Astra,19.0,73.5,229.1,Chamber,15.0,46.4,225.6,Jett,13.0,37.5,236.2,Vandal,"1,561",45,Phantom,247,46,Sheriff,240,55
206,658,Coco#P M,227.0,147.8,1.05,26.6,60.6,Omen,69.0,66.7,231.2,Reyna,43.0,53.2,246.0,Fade,17.0,69.0,206.1,Vandal,"3,555",35,Ghost,544,42,Phantom,483,31
207,656,EQ118 斗鱼tv#xswl,216.4,140.4,1.08,18.9,49.4,Chamber,23.0,41.9,224.4,Phoenix,9.7,76.5,233.4,Raze,9.6,43.8,233.1,Vandal,"1,273",31,Phantom,337,28,Operator,169,3
208,656,soojai#2000,216.5,140.9,1.11,38.6,59.8,Omen,25.0,75.0,207.1,Brimstone,18.0,66.7,224.0,Viper,14.0,44.0,195.9,Vandal,"2,077",52,Ghost,220,60,Sheriff,175,67
209,655,PureVNS#RIVER,232.6,151.7,1.13,26.2,51.7,KAY/O,15.0,51.9,256.8,Viper,11.0,52.4,220.1,Raze,7.4,61.5,253.6,Vandal,"1,411",36,Sheriff,160,48,Phantom,139,31
210,655,UCR jas0n#bae,227.6,148.3,1.09,27.0,56.0,Chamber,30.0,62.3,244.7,Jett,16.0,59.4,237.4,Astra,6.5,63.6,198.7,Vandal,"1,208",44,Phantom,254,36,Operator,202,11
211,654,marko#CLUB,212.0,139.6,1.07,23.7,50.0,Chamber,24.0,58.1,220.3,Jett,7.7,35.7,221.7,Astra,5.6,33.3,199.2,Vandal,853,32,Operator,160,13,Spectre,112,25
214,653,Tenzin#2005,235.5,149.8,1.05,21.9,47.9,Yoru,52.0,51.1,239.7,Viper,3.6,42.9,209.6,Reyna,3.2,33.3,254.4,Vandal,816,35,Sheriff,272,43,Operator,230,10
215,653,wPanda#5178,195.0,129.1,0.97,23.8,50.3,Viper,20.0,33.3,193.8,Omen,19.0,63.6,204.0,Brimstone,14.0,51.9,198.5,Vandal,"1,167",35,Phantom,478,27,Ghost,147,41
216,653,cheatcode#AIMER,233.6,153.0,1.05,31.1,47.2,Raze,35.0,52.9,247.9,KAY/O,33.0,45.6,230.7,Chamber,14.0,40.7,243.1,Vandal,"2,093",46,Phantom,309,42,Ghost,293,55
217,653,syfi#777,235.5,153.3,1.1,25.3,54.5,Chamber,12.0,47.6,243.5,Raze,8.1,50.0,250.2,Astra,5.5,80.0,235.6,Vandal,880,36,Phantom,151,25,Sheriff,127,57
218,652,ES RyLy#epic,275.1,178.0,1.29,34.7,73.0,Jett,19.0,75.0,323.9,Reyna,3.9,71.4,248.5,Chamber,2.4,25.0,126.6,Vandal,814,45,Sheriff,128,75,Phantom,95,39
219,650,100T stellar#bden,222.9,147.0,1.1,25.6,46.0,KAY/O,16.0,60.0,235.1,Fade,13.0,58.3,211.3,Brimstone,7.6,38.5,211.0,Vandal,"1,300",36,Phantom,255,29,Spectre,205,24
220,650,cavern#001,219.6,145.5,1.06,24.9,49.8,Chamber,51.0,50.6,228.7,Fade,34.0,53.3,204.8,Sova,32.0,51.8,227.4,Vandal,"1,414",38,Phantom,558,32,Operator,517,9
221,650,Furbsa#111,247.1,159.3,1.16,34.0,50.9,Chamber,45.0,44.4,241.3,Jett,34.0,64.1,251.6,Raze,12.0,48.0,254.4,Vandal,"2,040",49,Phantom,295,39,Sheriff,269,60
222,650,Thom#bnana,219.6,142.4,1.03,34.8,55.7,Jett,22.0,68.3,241.8,Chamber,15.0,60.7,218.7,Fade,7.1,50.0,188.6,Vandal,"1,090",54,Operator,231,12,Sheriff,132,57
223,650,Cane#cheat,262.0,166.3,1.14,29.0,55.9,Yoru,27.0,64.0,293.3,Raze,9.6,44.4,260.3,Reyna,6.0,63.6,228.9,Vandal,"1,138",44,Phantom,456,40,Spectre,152,32
224,649,Knights skuba#skuba,235.3,153.7,1.3,30.1,58.6,Viper,6.4,46.2,239.0,Astra,4.8,50.0,224.7,Killjoy,4.5,62.5,221.6,Phantom,336,36,Vandal,286,46,Bulldog,74,36
225,649,adequateapple29#2006,217.0,142.9,1.01,27.2,61.9,Sova,12.0,62.5,207.2,Astra,9.3,60.0,213.2,Fade,7.9,57.1,203.3,Vandal,771,41,Phantom,283,34,Spectre,110,25
226,647,Jivy#deso,199.4,132.2,1.01,26.7,52.9,Fade,8.4,64.3,194.1,KAY/O,5.3,70.0,226.6,Chamber,4.7,57.1,228.0,Vandal,626,39,Sheriff,54,74,Phantom,45,31
227,647,brax#iwnll,237.9,160.5,1.34,32.9,55.8,Sova,30.0,48.0,229.7,Raze,10.0,73.7,275.6,Reyna,9.3,60.0,275.6,Vandal,"1,549",46,Phantom,204,41,Sheriff,167,65
228,647,EG Ethan#FARM,283.9,181.3,1.53,22.9,64.4,KAY/O,8.5,40.0,268.6,Sova,8.0,57.1,258.9,Breach,7.7,61.5,258.3,Vandal,"1,158",33,Stinger,339,23,Phantom,185,32
229,647,Sueiy#0122,207.3,137.1,1.0,29.4,46.8,Chamber,19.0,44.4,217.6,Jett,14.0,64.0,218.2,Astra,7.6,53.8,201.4,Vandal,982,44,Phantom,207,39,Sheriff,174,66
230,647,kazumo#iLL,201.8,132.4,0.9,24.6,46.1,Chamber,55.0,48.0,214.8,Jett,42.0,38.7,212.8,Raze,38.0,51.5,221.0,Vandal,"2,784",41,Phantom,999,32,Ghost,443,41
231,647,TSM FTX Sainful#Meow,297.2,194.4,1.68,25.9,77.5,Chamber,27.0,82.0,313.1,Reyna,9.4,81.2,293.5,Phoenix,9.1,75.0,329.4,Vandal,"1,468",41,Phantom,551,28,Ghost,180,35
232,646,riku#bubz,231.3,150.5,1.08,20.6,50.7,Fade,21.0,50.0,221.1,Jett,19.0,54.5,253.1,Chamber,18.0,42.4,231.8,Vandal,"1,749",28,Operator,324,8,Sheriff,211,42
233,645,OTF HUDFAME#DRIP,246.1,158.8,1.2,28.3,53.2,Chamber,44.0,53.6,250.8,Raze,10.0,63.2,269.1,Jett,8.1,53.3,230.8,Vandal,"1,085",42,Operator,347,8,Ghost,153,53
234,644,RE MungusDGiant#Huge,187.0,122.1,0.96,26.7,55.8,Fade,15.0,63.0,194.2,Breach,8.1,53.8,178.4,Sova,7.4,42.9,188.3,Vandal,662,41,Phantom,236,33,Frenzy,68,24
235,644,fype#leah,211.4,139.6,1.03,28.7,51.7,Sova,15.0,46.4,209.0,Astra,8.7,76.5,221.9,Brimstone,8.5,60.0,207.3,Vandal,"1,225",40,Ghost,143,53,Spectre,142,22
236,644,zajinn#evo,243.3,161.8,1.13,37.7,56.4,Reyna,62.0,66.4,248.2,Jett,23.0,52.5,261.4,Chamber,16.0,51.7,228.9,Vandal,"2,705",53,Ghost,368,55,Phantom,358,48
238,642,kushay#bnana,227.1,148.1,1.06,33.2,55.5,Chamber,8.3,56.2,243.7,Sova,8.3,46.7,240.6,Astra,7.8,57.1,227.8,Vandal,"1,191",50,Phantom,183,41,Ghost,133,58
239,642,KrypticDEO#999,239.8,156.8,1.16,23.7,49.2,Raze,48.0,53.3,243.5,Jett,27.0,36.2,238.6,Reyna,14.0,67.9,252.6,Vandal,"1,954",36,Sheriff,264,48,Spectre,173,28
240,642,Prime#aim,215.0,142.8,1.08,25.4,61.1,Sova,11.0,52.6,221.6,Raze,11.0,52.4,228.7,Phoenix,8.6,77.8,228.6,Vandal,"1,103",37,Phantom,167,39,Ghost,135,39
241,642,ES Akio#Epic,244.7,158.4,1.33,21.7,65.9,Chamber,7.2,75.0,238.7,Reyna,6.5,66.7,273.5,Viper,6.0,81.8,278.1,Vandal,673,31,Phantom,400,28,Sheriff,114,54
242,641,jowzera#000,199.8,132.9,1.0,43.6,44.7,Sova,12.0,27.3,197.9,Chamber,9.3,41.2,211.4,Brimstone,8.2,46.7,214.3,Vandal,"1,178",59,Sheriff,230,65,Guardian,178,71
243,641,Rupert#43110,267.0,171.0,1.36,28.4,69.8,Brimstone,9.9,68.4,272.7,KAY/O,3.5,100.0,282.0,Breach,2.3,75.0,254.8,Vandal,412,37,Phantom,157,31,Sheriff,70,75
245,640,Bruce#UrMoM,218.3,140.7,1.04,20.5,56.6,Chamber,46.0,61.0,217.0,Brimstone,13.0,54.2,227.2,Breach,2.2,50.0,201.5,Vandal,912,33,Operator,277,7,Spectre,135,24
247,637,HUYNH#Smirk,208.0,133.1,1.06,22.6,53.2,Chamber,31.0,59.6,223.4,Sova,16.0,37.0,204.9,Viper,14.0,55.6,195.7,Vandal,"1,931",40,Phantom,315,35,Operator,314,7
248,636,svL#666,216.7,140.8,1.06,26.0,50.6,Chamber,14.0,51.9,231.5,KAY/O,9.5,56.2,217.5,Fade,8.4,33.3,187.8,Vandal,855,36,Spectre,67,22,Operator,57,9
249,636,Kess#Effct,210.1,138.1,1.08,30.4,53.6,Viper,13.0,60.9,211.9,Astra,4.2,57.1,229.8,Killjoy,3.9,57.1,228.3,Vandal,483,49,Phantom,246,36,Ghost,56,57
250,634,car#son,226.7,148.7,1.03,23.5,45.2,Chamber,32.0,51.7,234.5,Jett,29.0,46.3,217.4,Neon,13.0,32.0,234.6,Vandal,"1,402",35,Operator,196,14,Phantom,100,40
251,634,dyno#0169,201.2,130.6,1.02,18.9,50.4,Fade,16.0,67.9,198.6,Brimstone,8.3,56.2,212.4,Viper,8.0,53.3,189.8,Vandal,793,29,Phantom,249,27,Spectre,127,18
252,634,opTED#noot,222.8,146.3,0.98,24.1,51.6,Raze,18.0,53.1,256.1,Fade,15.0,53.6,213.8,KAY/O,10.0,44.4,201.9,Phantom,848,34,Vandal,636,38,Spectre,235,31
253,634,FaZe NiKo#1337,214.3,140.4,0.87,14.3,59.5,Raze,54.0,62.9,221.0,KAY/O,6.7,50.0,182.8,Cypher,1.6,33.3,173.3,Phantom,760,23,Vandal,241,27,Spectre,170,17
254,633,khanartist#troll,224.1,143.3,1.05,27.9,58.8,Sova,18.0,57.6,220.8,Fade,9.6,58.8,212.7,Raze,9.4,50.0,262.7,Vandal,"1,207",42,Phantom,171,29,Spectre,131,29
255,632,NOSTRIL#blind,254.6,162.4,1.11,26.4,55.5,Yoru,46.0,51.2,258.6,Breach,8.6,75.0,233.5,Phoenix,1.9,33.3,258.5,Vandal,"1,445",39,Spectre,236,24,Frenzy,181,27
256,631,spaz#peach,253.0,164.3,1.25,21.4,53.8,Sova,11.0,38.9,235.8,Fade,7.5,58.3,242.8,Chamber,7.1,46.2,265.6,Vandal,"1,031",33,Phantom,369,28,Spectre,110,21
257,630,bones#637,229.1,147.4,1.08,30.4,45.7,Chamber,11.0,38.1,228.4,KAY/O,8.7,31.2,197.3,Jett,6.3,75.0,268.8,Vandal,"1,065",48,Spectre,142,26,Ghost,109,42
258,629,Precision#Colin,220.7,147.3,1.15,32.7,47.1,KAY/O,24.0,51.2,223.3,Chamber,16.0,51.7,230.2,Skye,12.0,45.5,203.2,Vandal,"1,565",45,Classic,110,44,Spectre,100,28
259,629,BRANTED#heavy,213.3,138.5,1.01,26.0,49.6,Fade,34.0,59.3,202.6,Raze,32.0,62.1,254.3,Sova,21.0,38.5,187.7,Vandal,"3,356",36,Sheriff,466,54,Ghost,457,44
260,629,hazed#cobb,226.1,149.1,1.09,30.6,46.8,Astra,22.0,52.5,229.0,Viper,17.0,54.8,217.2,Sova,16.0,50.0,220.2,Phantom,"1,347",36,Vandal,"1,323",45,Ghost,340,49
261,628,zack#mazza,229.3,146.0,1.01,19.3,49.8,Chamber,96.0,51.8,217.9,Jett,63.0,50.8,234.7,Reyna,46.0,44.0,242.3,Vandal,"2,927",34,Operator,"1,103",7,Phantom,928,27
262,628,BENEVOLENCE#MEOW,252.5,158.0,1.07,20.5,52.2,Jett,136.0,52.7,254.0,Chamber,6.0,58.3,240.7,Reyna,1.3,0.0,185.5,Vandal,"1,873",39,Operator,579,7,Phantom,440,35
264,627,Kouf#MTL,221.4,144.1,1.16,22.6,52.8,Chamber,43.0,57.9,244.0,Reyna,15.0,71.4,258.5,KAY/O,10.0,45.0,204.2,Vandal,"2,281",35,Operator,393,10,Ghost,247,38
265,627,Skyy#mia,223.7,145.7,1.06,23.0,56.7,Jett,25.0,58.7,245.2,Chamber,12.0,45.5,223.2,Brimstone,7.1,61.5,194.9,Vandal,823,35,Phantom,154,33,Operator,109,11
266,627,The Wukong God#420,235.3,153.9,1.11,30.3,54.4,Jett,39.0,57.7,244.5,Chamber,12.0,52.4,240.5,Reyna,5.0,54.5,265.6,Vandal,"1,241",44,Operator,338,8,Sheriff,159,49
267,626,LFT Quagmire61#Glenn,223.2,144.1,0.99,26.2,49.5,Cypher,6.5,54.5,203.3,Jett,6.3,61.5,240.8,Viper,5.6,50.0,216.8,Vandal,540,44,Phantom,359,39,Spectre,99,38
268,625,Shayan#ttv,236.4,155.8,1.26,28.2,57.6,Chamber,14.0,64.0,243.1,Jett,6.4,50.0,255.5,Sova,5.4,33.3,200.1,Vandal,581,42,Operator,94,5,Sheriff,58,46
269,625,nate#roo,218.7,141.6,1.0,29.6,44.8,Chamber,58.0,52.3,224.0,Jett,6.2,45.5,212.5,Raze,3.8,50.0,244.9,Vandal,"1,452",44,Operator,238,7,Ghost,196,50
270,624,HIMA#000,217.8,143.1,1.04,20.4,47.7,Raze,16.0,48.3,230.1,Jett,14.0,42.3,205.3,Chamber,13.0,47.8,218.7,Vandal,"1,208",33,Phantom,317,26,Spectre,212,24
270,625,Fuzay#Vie,218.2,145.9,0.94,27.9,56.6,Jett,19.0,67.6,247.7,Chamber,11.0,50.0,194.4,Raze,9.6,58.8,257.2,Vandal,"1,026",44,Operator,69,6,Ghost,60,47
272,624,Banh Bao#uwu,221.8,144.9,1.06,34.4,54.9,Reyna,15.0,56.7,239.1,Chamber,11.0,60.0,230.8,Fade,11.0,70.0,222.8,Vandal,"1,157",48,Ghost,141,45,Spectre,109,34
273,623,MIZ Ponder#Megan,227.9,148.2,1.11,35.2,53.3,Chamber,25.0,55.6,225.1,Jett,15.0,50.0,232.7,Reyna,14.0,46.2,243.8,Vandal,"1,733",50,Ghost,227,46,Sheriff,194,61
274,622,C9 chløric#sadie,222.9,148.0,1.2,20.0,56.9,Raze,6.8,75.0,282.8,KAY/O,5.6,55.6,206.5,Fade,5.0,37.5,200.3,Vandal,375,32,Phantom,196,27,Ghost,41,39
275,622,sacred#7187,222.0,144.8,1.05,27.6,45.7,Reyna,11.0,50.0,247.1,Sova,6.8,38.5,202.0,Fade,6.5,50.0,174.6,Vandal,946,40,Ghost,122,42,Sheriff,98,52
275,621,V1 penny#9999,264.8,173.7,1.27,27.7,61.8,Jett,14.0,52.0,273.2,Reyna,14.0,66.7,259.1,Raze,2.8,80.0,247.8,Vandal,716,37,Ghost,83,52,Stinger,69,33
276,621,Buh Lah Kae#NA1,218.3,144.9,0.95,19.8,47.1,Sova,73.0,47.2,218.7,Breach,13.0,48.0,218.3,KAY/O,1.5,33.3,201.9,Vandal,"1,258",33,Stinger,216,20,Phantom,183,23
277,621,BigPoppak#Boopi,222.4,148.6,1.03,30.4,62.2,Sova,19.0,86.1,223.1,Jett,12.0,52.2,223.4,Viper,11.0,55.0,236.6,Vandal,"1,012",44,Phantom,251,33,Sheriff,161,63
278,621,PVL Fair#Fair,224.5,143.0,1.09,34.9,59.3,Chamber,37.0,62.1,227.1,Neon,7.5,57.1,234.7,Reyna,5.0,70.0,230.6,Vandal,"1,008",51,Operator,127,6,Spectre,83,34
279,619,Ange#h8r,230.2,147.9,1.18,28.3,51.6,Astra,14.0,72.0,223.4,Viper,13.0,45.8,232.8,Chamber,5.9,45.5,221.2,Vandal,991,41,Phantom,156,34,Ghost,106,40
280,619,Kayros#000,203.9,136.7,0.95,31.7,51.9,Fade,22.0,56.8,196.5,Sova,21.0,50.0,212.0,Chamber,0.5,0.0,172.8,Vandal,613,44,Phantom,209,40,Spectre,82,32
281,619,Jerk#PHiZ,233.3,151.2,1.15,21.3,50.6,Chamber,75.0,49.3,242.8,Sova,28.0,66.0,216.7,Reyna,23.0,50.0,265.9,Vandal,"3,429",31,Classic,263,28,Spectre,250,18
282,619,Lazee#4444,215.2,139.7,1.05,26.5,52.5,Sova,27.0,38.8,208.5,Chamber,22.0,61.5,232.2,Jett,18.0,62.9,245.1,Vandal,"1,267",42,Operator,279,8,Phantom,278,34
283,619,RiiGz#idc,239.5,155.0,1.27,22.9,55.9,Reyna,32.0,58.6,244.6,Chamber,25.0,55.6,237.0,Jett,15.0,57.1,240.7,Vandal,"1,306",33,Ghost,212,39,Operator,186,4
284,618,sNIP3RG4Ngk0d4k#leaf,244.1,160.1,1.2,36.9,67.4,Sova,9.5,58.8,248.3,Reyna,4.2,75.0,259.6,Raze,1.8,33.3,252.2,Vandal,541,52,Sheriff,69,59,Ghost,54,46
285,618,Rush#zera,227.1,149.1,1.09,27.5,45.9,Chamber,49.0,44.8,233.3,Reyna,33.0,45.2,232.7,Jett,24.0,44.4,234.9,Vandal,"2,029",41,Phantom,522,33,Operator,267,9
288,616,randomnoob#4033,186.7,122.7,0.91,22.7,46.6,Fade,10.0,41.2,177.4,Omen,8.3,53.3,183.3,Viper,7.8,46.7,183.4,Vandal,770,33,Phantom,301,33,Spectre,175,28
289,616,Ethan#7876,234.4,151.8,1.19,29.7,53.6,Jett,27.0,47.8,262.2,Chamber,21.0,56.8,227.8,KAY/O,7.2,84.6,203.9,Vandal,"1,556",39,Ghost,171,45,Spectre,125,31
290,615,QoR JSP#2284,228.6,149.9,1.1,31.5,48.2,Jett,13.0,50.0,246.2,Chamber,11.0,35.0,234.9,Astra,10.0,50.0,219.6,Vandal,739,51,Phantom,693,38,Ghost,137,54
291,615,Вuu#kakke,255.8,163.7,1.26,24.4,55.7,Brimstone,8.7,73.3,267.8,Fade,6.4,53.8,228.5,Jett,6.0,60.0,282.8,Vandal,627,34,Phantom,225,28,Bulldog,140,24
292,615,Fractured#TTV,210.7,140.0,1.04,23.6,50.0,Chamber,23.0,52.3,225.7,Fade,9.9,44.4,209.1,Raze,5.6,50.0,248.1,Vandal,897,36,Phantom,271,34,Ghost,109,43
293,614,SEN sinatraa#idc,233.6,155.2,1.01,16.1,46.0,Raze,27.0,42.6,243.5,Sova,23.0,47.6,232.9,Phoenix,11.0,52.6,237.3,Phantom,840,27,Ares,416,18,Vandal,207,31
294,614,Dill#nini,201.6,136.5,1.01,27.6,60.2,KAY/O,9.7,41.2,217.0,Omen,7.3,75.0,195.4,Chamber,6.4,50.0,182.3,Vandal,781,42,Phantom,255,37,Ghost,102,40
295,614,sprmbank#NA69,218.6,142.2,1.07,38.4,52.0,Brimstone,11.0,50.0,211.2,Jett,11.0,59.1,248.2,Fade,10.0,57.9,216.9,Vandal,"1,588",53,Sheriff,274,63,Ghost,173,60
296,613,Chetti#PHILA,208.5,135.1,0.95,25.8,54.3,Breach,6.4,50.0,195.3,KAY/O,5.9,60.0,199.5,Fade,4.8,55.6,227.7,Vandal,543,40,Phantom,139,36,Ghost,73,39
297,613,Awkua#000,197.2,129.7,0.95,28.6,45.7,Chamber,34.0,43.3,207.8,Sova,14.0,38.5,178.8,Jett,11.0,61.9,215.9,Vandal,"1,576",43,Phantom,280,41,Ghost,155,45
298,613,toozy#2005,191.0,126.8,0.99,32.8,54.4,Chamber,10.0,55.6,184.7,Sova,7.3,66.7,176.2,Omen,5.5,60.0,196.0,Vandal,"1,007",49,Ghost,95,50,Sheriff,91,50
299,612,VYX#dud,222.0,147.4,1.13,32.0,53.1,Brimstone,10.0,76.5,223.8,Chamber,8.1,50.0,266.0,Omen,4.9,50.0,226.0,Vandal,828,43,Phantom,134,38,Ghost,70,51
301,612,ItzScythe#999,215.9,140.9,1.09,30.3,50.8,Chamber,43.0,41.3,231.2,Fade,13.0,39.1,192.1,Jett,10.0,47.4,224.8,Vandal,"1,393",48,Operator,341,8,Phantom,298,37
302,612,Aiko#Kamu,208.5,136.9,1.05,26.1,51.9,Sova,18.0,59.4,213.2,Cypher,10.0,55.6,218.7,Chamber,8.3,40.0,247.4,Vandal,964,40,Phantom,306,37,Ghost,97,52
303,610,Paincakes#1738,228.8,148.5,1.07,34.7,50.7,Raze,7.3,42.9,249.5,Viper,6.0,58.3,238.6,Jett,5.5,55.6,229.1,Vandal,738,48,Phantom,145,43,Ghost,96,49
304,610,Altered#petit,185.2,123.8,0.91,20.0,42.7,Sage,23.0,53.8,189.4,Viper,22.0,34.2,186.2,Sova,19.0,48.5,196.1,Vandal,"1,103",30,Phantom,451,26,Ghost,204,39
305,610,Sleezy#DRTY,209.5,141.2,1.05,30.7,57.3,Raze,25.0,60.0,225.6,Sova,22.0,60.5,198.5,Jett,12.0,60.9,221.9,Vandal,"1,041",51,Phantom,389,41,Ghost,257,45
306,609,Cohburg#Benny,219.5,144.3,1.08,29.6,46.4,Harbor,30.0,46.3,216.3,Reyna,13.0,60.9,252.9,Astra,10.0,52.9,225.4,Vandal,"1,829",42,Phantom,446,35,Ghost,229,45
307,609,Kurdi#Azadi,206.7,135.6,0.98,27.8,49.2,Jett,27.0,58.0,221.6,Chamber,26.0,54.2,215.5,Brimstone,19.0,68.6,213.3,Vandal,"1,514",42,Phantom,899,36,Operator,240,6
308,608,FaZe babybay#1313,252.8,163.0,1.21,21.6,56.6,Chamber,14.0,72.0,258.2,Jett,4.4,37.5,258.5,KAY/O,1.8,33.3,273.4,Vandal,468,39,Operator,165,8,Ghost,70,36
309,608,miniature#fade,236.7,157.7,1.16,34.0,60.4,Fade,16.0,50.0,246.9,Sova,3.9,71.4,218.8,Yoru,3.2,80.0,226.9,Vandal,546,45,Sheriff,54,63,Ghost,47,53
310,608,c4Lypso#Bald,223.4,144.4,1.14,41.1,47.6,Chamber,26.0,47.9,241.0,KAY/O,5.5,40.0,180.8,Astra,5.4,63.6,225.9,Vandal,"1,352",52,Operator,127,7,Sheriff,122,66
311,608,KetamineEnjoyer#YODA,236.8,152.4,1.23,26.5,70.0,Jett,9.9,83.3,246.1,Chamber,5.7,54.5,226.1,Fade,4.0,75.0,219.8,Vandal,663,38,Phantom,126,31,Spectre,66,24
312,608,Jelly#NAA1,178.0,118.2,0.87,24.0,52.0,Astra,32.0,51.8,174.6,Sova,18.0,43.8,184.6,Brimstone,17.0,59.4,189.2,Vandal,"1,389",36,Phantom,793,32,Sheriff,198,45
313,608,iluvjaz#dren,201.1,131.4,1.04,24.7,53.5,Chamber,48.0,48.8,215.6,Viper,31.0,53.7,199.2,Astra,15.0,73.1,183.4,Vandal,"3,049",36,Phantom,"1,028",31,Classic,263,34
314,607,pho#rat,210.7,136.4,1.03,28.2,47.1,Sova,14.0,48.0,212.7,Chamber,10.0,64.7,238.9,Fade,7.0,46.2,201.7,Vandal,825,42,Ghost,84,52,Sheriff,73,58
315,607,john#500,237.7,156.7,1.21,32.8,56.7,Jett,17.0,55.2,248.3,Chamber,8.8,62.5,224.4,Brimstone,2.3,75.0,234.0,Vandal,568,46,Operator,80,12,Ghost,65,49
316,607,eli#369,207.3,136.0,1.01,31.0,43.4,Fade,17.0,57.6,195.1,Chamber,12.0,26.1,215.7,Raze,10.0,57.9,243.4,Vandal,"1,510",47,Spectre,116,27,Ghost,97,48
317,607,cired#demon,234.1,159.2,1.1,26.2,51.6,Jett,30.0,50.9,232.8,Chamber,23.0,60.5,247.9,Brimstone,8.2,28.6,222.1,Vandal,"1,068",38,Phantom,195,34,Sheriff,177,43
318,607,Pyro#1012,205.1,135.8,0.97,26.6,53.7,Astra,9.5,52.9,205.5,Jett,7.6,50.0,205.9,Sova,6.5,46.2,187.7,Vandal,954,40,Phantom,151,27,Ghost,110,48
319,605,Muddy#kalia,230.2,152.4,1.19,25.1,50.7,Chamber,12.0,59.1,232.0,Raze,6.6,54.5,286.1,Jett,4.1,71.4,243.8,Vandal,426,40,Phantom,282,37,Classic,104,31
320,604,Nanners#000,215.5,139.2,1.06,22.7,48.6,Jett,8.7,62.5,233.5,KAY/O,6.3,30.0,199.9,Raze,6.1,27.3,244.2,Vandal,926,32,Phantom,199,35,Sheriff,113,52
321,604,Exalt#EZ4ME,221.2,143.4,1.02,26.8,43.3,Jett,27.0,29.2,241.0,Reyna,12.0,59.1,217.6,Neon,12.0,63.6,232.4,Phantom,"1,201",35,Vandal,879,42,Ghost,186,49
322,604,1 800 Psyduck#NA1,224.1,147.7,1.02,31.0,46.5,Chamber,45.0,52.5,225.1,Jett,23.0,38.6,241.6,Reyna,21.0,43.6,229.3,Vandal,"2,025",45,Ghost,302,54,Operator,264,11
323,604,yao#ster,198.2,130.4,1.03,29.1,58.3,Chamber,17.0,56.7,207.2,Sova,12.0,54.5,165.0,Skye,6.5,45.5,185.6,Vandal,740,46,Operator,157,8,Ghost,125,45
324,603,SMIG#13TH,229.6,149.2,1.09,28.8,53.4,Chamber,75.0,53.3,245.9,Viper,11.0,61.9,198.6,Reyna,9.0,62.5,243.9,Vandal,"2,538",44,Ghost,411,47,Operator,258,6
325,603,Nate#4223,225.6,144.4,1.02,28.4,57.9,Jett,55.0,65.4,237.9,Chamber,13.0,57.7,214.3,Reyna,11.0,57.1,232.4,Vandal,"1,972",42,Phantom,336,32,Ghost,303,48
326,602,Lumizzy#lol,234.1,150.9,1.09,24.8,46.1,Jett,37.0,42.6,227.6,Chamber,30.0,48.1,234.7,Raze,21.0,48.6,252.2,Vandal,"1,433",40,Phantom,357,34,Operator,212,7
327,602,MrSpY#gonxt,230.8,148.3,1.25,30.9,52.3,Chamber,45.0,55.1,253.2,Fade,9.9,37.5,236.4,Jett,7.0,41.7,217.4,Vandal,"1,143",47,Operator,364,5,Phantom,268,38
328,601,reformed sosa#wosa2,220.2,145.3,1.01,30.8,44.4,Reyna,162.0,46.4,228.9,Jett,56.0,43.8,208.9,Phoenix,44.0,38.5,222.3,Vandal,"6,000",43,Ghost,"1,044",46,Sheriff,297,48
329,601,jowa#lulu,214.7,142.5,0.99,28.7,47.1,Chamber,35.0,41.9,216.0,Sova,29.0,57.4,207.8,Jett,22.0,61.0,239.8,Vandal,"2,459",44,Phantom,706,38,Sheriff,261,51
330,601,Lanjok#SSS,232.8,150.7,1.18,30.0,53.4,Chamber,62.0,56.0,231.9,Jett,32.0,56.1,244.6,Phoenix,28.0,58.8,238.7,Vandal,"2,823",42,Ghost,415,47,Phantom,343,42
332,600,RF Isaac#103,218.4,143.4,1.02,32.5,48.7,Chamber,36.0,46.3,239.2,Reyna,25.0,50.0,219.7,Raze,7.0,53.8,202.2,Vandal,"1,412",47,Operator,207,14,Ghost,206,52
333,600,Core#cord,207.7,137.2,1.01,30.4,47.9,Chamber,14.0,53.6,216.5,Reyna,14.0,60.0,237.8,Raze,7.1,38.5,203.6,Vandal,"1,231",49,Phantom,160,44,Sheriff,129,53
334,599,SILLYSALAMANDER7#ACZ2K,207.7,134.9,1.0,27.6,55.6,Jett,12.0,60.9,221.9,Fade,11.0,65.0,180.1,Chamber,6.6,36.4,178.7,Vandal,"1,308",41,Phantom,203,34,Sheriff,151,46
335,599,Snappy#EGO,196.9,130.8,1.05,31.3,63.9,Astra,13.0,54.5,205.0,Chamber,11.0,45.0,191.3,Jett,9.2,61.1,206.0,Vandal,"1,124",44,Ghost,111,47,Spectre,94,26
336,598,kumi#bitty,255.7,163.9,1.2,32.4,55.0,Jett,21.0,54.8,256.0,Chamber,2.9,83.3,269.9,Raze,2.2,25.0,258.4,Vandal,649,47,Sheriff,85,60,Operator,66,13
337,598,kwsp#odd,197.2,128.2,1.01,32.7,54.3,Chamber,22.0,58.3,216.7,Fade,15.0,46.4,192.8,KAY/O,10.0,47.4,165.1,Vandal,991,46,Spectre,137,32,Phantom,125,35
338,598,サイコウ#Saiko,221.9,143.0,1.06,31.2,54.1,Reyna,86.0,53.5,226.0,Jett,2.8,60.0,172.1,Chamber,1.6,66.7,222.2,Vandal,"2,141",39,Ghost,310,53,Sheriff,227,65
339,598,BM gabozera#wow,213.5,140.1,1.03,27.1,58.2,Jett,19.0,50.0,225.8,Raze,8.1,68.8,232.7,Viper,7.0,58.3,202.4,Vandal,"1,197",41,Phantom,180,36,Spectre,148,20
340,597,cantguardmike#GUARD,262.3,165.6,1.33,39.5,54.5,Reyna,10.0,57.1,305.8,Fade,5.8,30.0,258.7,Chamber,4.5,28.6,223.7,Vandal,846,53,Phantom,87,45,Sheriff,68,64
341,596,PRACTOTHINGS#range,232.7,150.8,1.25,28.9,67.7,Chamber,23.0,75.0,245.4,Brimstone,4.8,62.5,224.6,Fade,3.8,42.9,179.8,Vandal,589,44,Operator,124,9,Phantom,69,39
342,595,imsofine69#420,216.6,143.6,1.07,22.7,62.1,Sova,19.0,55.9,217.5,Brimstone,9.4,70.6,224.1,Chamber,2.2,50.0,218.8,Vandal,392,33,Phantom,334,28,Sheriff,90,44
343,595,Revenge#blow,224.4,148.0,1.07,28.1,56.3,Chamber,36.0,54.7,226.9,Sova,22.0,51.3,206.9,Jett,21.0,67.6,251.9,Vandal,"1,995",41,Phantom,362,33,Ghost,235,45
344,595,Shark#LFT,219.8,143.5,1.11,28.1,61.1,Sova,26.0,71.7,206.7,Jett,26.0,63.5,234.2,Chamber,18.0,62.9,230.2,Vandal,"1,601",42,Ghost,211,46,Spectre,205,25
345,594,SR moose#E30,233.3,152.6,1.14,31.1,51.8,Viper,36.0,59.1,240.1,Raze,17.0,62.5,245.1,Chamber,11.0,42.1,213.8,Vandal,"3,057",44,Ghost,320,45,Sheriff,220,64
346,594,LFT JoeSwanson22#5655,229.1,148.1,0.98,23.0,46.0,Reyna,23.0,48.8,228.3,Jett,22.0,43.9,238.2,Raze,21.0,28.2,234.2,Vandal,"1,609",35,Phantom,465,27,Spectre,229,24
347,594,OniiXL#Onii,213.4,140.4,1.01,23.4,50.3,Sova,29.0,47.2,212.3,Raze,12.0,63.6,245.2,Jett,10.0,41.2,232.2,Vandal,"1,278",39,Phantom,338,32,Ghost,199,44
348,593,Katashio#exp,218.8,142.4,1.11,26.7,52.2,Chamber,12.0,43.5,229.0,Raze,7.6,57.1,264.5,Fade,6.0,50.0,196.6,Vandal,739,40,Phantom,225,34,Ghost,137,49
349,592,VynFPS#JUDGE,232.8,145.0,1.07,16.8,50.4,Jett,82.0,51.0,243.1,Chamber,27.0,60.0,232.4,Phoenix,18.0,62.5,254.9,Vandal,"1,694",41,Judge,"1,197",10,Phantom,639,35
350,592,NASI PADANG#BEST,216.8,140.4,1.06,23.1,52.4,Jett,32.0,61.0,231.9,Chamber,15.0,46.7,215.7,Reyna,12.0,40.9,237.9,Vandal,"1,196",32,Phantom,633,31,Operator,201,7
351,591,orly#orly,202.5,131.6,0.97,25.0,52.8,Fade,20.0,52.9,196.3,Viper,15.0,62.1,205.2,Chamber,8.7,56.2,199.4,Vandal,998,36,Phantom,349,33,Ghost,117,41
353,591,FrogLady81#4348,200.3,132.7,0.94,25.5,59.9,Brimstone,48.0,66.3,200.2,Sova,22.0,57.5,201.0,Viper,16.0,61.3,191.8,Vandal,"1,217",39,Phantom,623,33,Spectre,324,28
354,590,Muff1nkat#1111,213.2,140.8,1.01,28.4,52.2,Sova,16.0,53.3,190.1,Chamber,15.0,42.9,236.2,Fade,7.1,53.8,207.2,Vandal,730,40,Phantom,99,36,Spectre,94,27
355,590,Bobovo#ACE,223.5,144.6,1.05,23.1,46.6,Jett,42.0,46.8,242.4,Raze,20.0,41.7,237.0,Brimstone,17.0,43.3,206.1,Vandal,"2,618",35,Phantom,677,33,Spectre,390,21
356,590,Slammed#2988,214.0,139.3,0.98,22.7,45.9,Chamber,42.0,38.5,220.8,Jett,29.0,52.7,225.4,Viper,25.0,55.6,216.0,Vandal,"2,531",40,Phantom,459,34,Operator,221,16
357,590,addison#FTP,236.3,149.3,1.12,33.4,50.0,Chamber,60.0,54.1,242.2,Jett,52.0,44.8,237.7,Yoru,20.0,57.9,230.2,Vandal,"2,770",49,Operator,941,9,Ghost,312,61
358,589,Bing Chilling#1121,189.5,124.5,0.89,16.4,47.2,Fade,14.0,57.7,186.5,Raze,7.3,28.6,213.9,Brimstone,7.0,64.3,233.9,Vandal,554,27,Phantom,504,22,Spectre,165,14
359,589,IVC BoLa#r35,249.5,165.3,1.26,24.6,55.5,Chamber,53.0,55.8,253.8,Omen,7.2,61.5,248.3,Sova,6.3,50.0,233.3,Vandal,"1,535",36,Spectre,162,20,Phantom,102,39
360,589,SXM#him,238.4,154.9,1.2,35.4,59.3,Chamber,14.0,55.6,265.6,Fade,7.2,46.2,223.5,Astra,6.1,63.6,249.0,Vandal,"1,258",49,Ghost,145,50,Sheriff,114,62
361,588,Huso#0724,197.6,130.9,1.07,28.9,46.9,Sova,15.0,46.4,195.4,Jett,10.0,55.6,220.8,Chamber,6.8,36.4,213.8,Vandal,737,46,Operator,164,8,Spectre,118,32
362,588,winsum#000,223.1,147.1,1.04,25.2,46.2,Raze,31.0,43.6,245.2,Reyna,13.0,58.3,212.9,Skye,3.7,42.9,193.1,Vandal,723,41,Phantom,507,36,Stinger,101,28
363,588,MIZ conch#1313,214.3,138.4,1.05,32.1,45.6,Chamber,71.0,45.7,220.1,Reyna,5.9,45.5,218.0,Omen,5.9,36.4,169.9,Vandal,"1,051",51,Operator,370,8,Phantom,280,40
364,588,gosha#deez,230.8,148.2,1.13,36.0,60.7,Jett,23.0,62.5,245.3,Chamber,15.0,58.6,218.5,Reyna,6.8,66.7,219.1,Vandal,839,54,Operator,145,5,Ghost,134,58
365,587,Apl#9567,188.5,122.6,0.96,25.6,56.8,Astra,22.0,54.1,187.2,Viper,15.0,51.9,192.7,Brimstone,7.6,69.2,184.5,Phantom,578,31,Vandal,487,42,Bulldog,173,38
366,586,SmokeAndBeat#feet,218.8,140.5,1.05,26.4,49.6,Jett,22.0,55.0,239.0,Chamber,16.0,48.1,244.8,Cypher,7.1,46.2,169.9,Vandal,"1,033",41,Operator,325,6,Ghost,159,50
367,586,VJoy#cynth,248.7,159.4,1.24,29.5,61.8,Chamber,15.0,75.9,267.7,Jett,5.1,77.8,270.8,Reyna,4.8,50.0,259.7,Vandal,624,43,Phantom,185,37,Operator,122,10
368,585,C9 yay#yey,267.5,173.6,1.31,40.3,58.8,Reyna,9.7,56.2,271.6,Jett,5.6,80.0,307.7,Yoru,5.6,100.0,239.3,Vandal,717,51,Ghost,92,57,Sheriff,69,55
369,585,SEN dapr#1of1,228.1,146.2,1.13,18.1,46.7,Fade,23.0,45.0,218.4,Cypher,9.1,47.1,217.2,Chamber,8.8,37.5,236.8,Vandal,854,28,Phantom,536,24,Spectre,251,18
370,585,DOG VAL#TTV,221.6,143.6,0.95,42.1,48.8,Phoenix,65.0,49.2,225.7,Reyna,57.0,51.9,228.6,Jett,16.0,45.2,201.3,Vandal,"2,975",58,Phantom,412,48,Ghost,402,61
371,585,Osu#FPS,215.0,142.7,1.08,33.6,50.8,Chamber,67.0,47.2,218.5,Sova,7.2,78.6,207.1,Omen,7.0,50.0,197.4,Vandal,"1,606",47,Phantom,200,42,Operator,198,22
372,585,CFNAfamous#ttv,269.6,172.3,1.25,38.3,48.9,Jett,67.0,48.8,273.8,Reyna,5.2,60.0,240.6,Chamber,1.6,33.3,243.3,Vandal,"1,730",47,Sheriff,296,74,Ghost,140,54
373,584,Knights XXiF#9146,253.8,164.3,1.29,31.1,62.5,Chamber,6.2,50.0,270.3,KAY/O,6.0,60.0,233.7,Astra,2.5,60.0,218.9,Vandal,459,45,Phantom,145,35,Ghost,59,39
375,584,Him#real,256.3,165.6,1.22,25.8,74.5,Brimstone,46.0,73.8,248.4,Fade,24.0,74.4,263.2,Reyna,17.0,73.3,272.9,Vandal,"2,465",36,Classic,252,36,Ghost,81,31
376,583,WhoFramedMe#117,227.7,146.7,1.19,33.0,47.8,Yoru,17.0,51.6,226.9,Chamber,15.0,34.5,224.2,Reyna,9.6,61.1,252.6,Vandal,826,49,Operator,122,6,Ghost,87,60
377,583,Smrty#Raze,249.7,167.9,1.2,22.0,58.9,Raze,29.0,58.9,273.6,Sova,6.7,69.2,228.3,Fade,4.5,57.1,196.9,Vandal,658,39,Phantom,332,32,Spectre,107,23
378,582,Nite#King,210.8,137.5,1.06,22.4,50.0,Jett,7.5,35.7,235.7,Chamber,6.3,69.2,238.2,Sage,4.8,37.5,206.0,Vandal,575,36,Phantom,132,32,Spectre,66,23
379,582,dadstin#diff,220.6,143.1,1.11,21.9,42.0,Sova,11.0,26.3,203.8,Viper,9.9,52.9,219.5,Chamber,8.9,37.5,237.4,Vandal,925,39,Phantom,285,30,Spectre,130,21
380,582,fiziq#zzz,209.3,136.6,1.05,31.6,54.3,Sova,16.0,51.5,206.7,Fade,6.1,60.0,208.7,Chamber,6.1,81.8,250.9,Vandal,778,43,Sheriff,103,50,Ghost,74,47
381,582,Feels#39kg,210.1,140.3,1.01,37.2,52.1,Chamber,29.0,58.5,217.3,Jett,8.8,61.1,222.0,Fade,7.0,54.5,185.8,Vandal,"1,240",52,Guardian,155,61,Sheriff,147,65
382,582,NBG Papi#nosus,225.5,147.6,1.07,24.9,60.2,KAY/O,13.0,62.5,211.9,Breach,7.2,41.7,207.2,Fade,6.6,54.5,209.8,Vandal,"1,030",35,Phantom,184,33,Ghost,122,39
383,582,IDK#PEEK,227.6,147.7,1.22,28.2,62.2,Chamber,30.0,71.4,235.6,Astra,6.7,45.5,213.4,Viper,1.9,0.0,170.9,Vandal,689,40,Operator,140,6,Ghost,57,43
384,581,Cain#604,208.9,135.3,1.03,25.2,52.9,Chamber,10.0,52.6,222.2,KAY/O,5.7,60.0,211.3,Omen,3.4,83.3,179.0,Vandal,530,39,Phantom,147,30,Operator,57,7
385,581,Morg#888,208.6,136.1,1.06,22.2,52.1,Harbor,9.7,52.9,208.6,Astra,9.1,50.0,187.6,Viper,4.0,100.0,258.9,Vandal,365,36,Phantom,278,30,Operator,107,14
387,580,Sh4rp#zzy,192.8,126.2,0.9,27.0,49.1,Chamber,19.0,47.2,204.6,Omen,17.0,60.6,191.0,Astra,14.0,43.5,182.6,Vandal,"1,882",38,Phantom,201,34,Ghost,192,48
388,580,WX XIAOLONG888#bount,197.5,130.1,0.93,29.7,51.2,Jett,30.0,46.4,219.5,Chamber,28.0,58.5,202.4,Reyna,15.0,63.0,206.0,Vandal,"1,996",45,Phantom,282,40,Sheriff,214,60
389,580,SHIESTY#GRAPE,247.6,160.2,1.17,28.8,56.9,Jett,52.0,60.2,258.8,Chamber,23.0,46.3,223.2,Viper,1.4,50.0,195.0,Vandal,"1,419",41,Phantom,246,35,Operator,194,13
390,579,XxTorrify69420xX#Tshot,222.8,147.7,1.02,24.9,48.9,Chamber,44.0,49.4,218.1,Raze,24.0,51.2,256.0,Reyna,19.0,35.3,239.7,Vandal,"2,805",37,Operator,351,11,Ghost,229,45
391,579,val truu#2693,212.2,141.7,1.06,25.3,51.9,Sova,47.0,51.2,200.8,Jett,22.0,51.4,218.2,Reyna,20.0,51.4,236.4,Vandal,"2,171",40,Phantom,508,32,Spectre,384,26
392,578,meow#harm,255.5,162.6,1.22,35.0,52.3,Chamber,12.0,57.1,259.1,Jett,8.5,43.8,243.4,Reyna,6.5,58.3,286.2,Vandal,632,51,Operator,136,5,Sheriff,89,62
393,578,Dasnerth#TTV,228.2,132.7,0.98,11.6,45.0,Cypher,71.0,43.8,227.2,Neon,32.0,54.2,231.6,Viper,12.0,39.1,227.1,Judge,"2,268",10,Vandal,555,39,Shorty,282,11
394,578,HuluAndChill#CHILL,224.0,147.6,1.16,31.5,52.7,Chamber,38.0,50.7,230.1,Jett,7.5,61.5,246.3,Brimstone,5.2,50.0,208.1,Vandal,"1,075",44,Operator,173,7,Sheriff,61,45
395,578,Relevant#cait,199.3,131.5,1.11,28.1,55.1,Chamber,15.0,51.9,212.0,Fade,10.0,63.2,191.9,Raze,7.9,38.5,213.1,Vandal,841,42,Phantom,197,38,Ghost,108,49
396,577,Solar#otf5,205.9,134.9,1.02,35.5,45.3,Sova,17.0,34.4,203.7,Viper,15.0,57.1,204.0,Brimstone,15.0,20.7,196.1,Vandal,"1,638",50,Phantom,428,45,Ghost,200,58
397,576,flare#bing,214.6,143.6,1.06,30.3,47.2,Sova,13.0,39.1,217.7,Chamber,9.9,64.7,240.8,Raze,6.9,50.0,224.2,Vandal,"1,005",46,Ghost,106,37,Sheriff,72,67
398,575,POPSMOKE#014,204.1,133.2,0.97,30.9,51.1,Jett,10.0,45.0,224.4,Cypher,5.6,90.9,215.9,Omen,4.2,87.5,228.7,Vandal,803,47,Sheriff,86,49,Phantom,71,32
399,575,JohnMike#6455,189.8,125.0,0.96,22.7,54.8,Viper,7.9,66.7,190.5,Raze,6.4,58.3,219.5,Fade,5.5,40.0,172.2,Vandal,717,34,Spectre,102,20,Sheriff,80,50
400,575,ライリー#Yuna,216.2,146.1,1.03,26.3,46.7,Chamber,20.0,57.9,225.6,Jett,18.0,42.4,224.6,Sova,17.0,42.9,201.4,Vandal,"2,087",38,Sheriff,200,51,Ghost,167,43
401,574,tokyozinho#drift,247.2,156.6,1.25,29.3,56.1,Chamber,60.0,60.6,255.8,Jett,7.7,40.0,231.4,Fade,3.5,33.3,213.1,Vandal,"1,000",52,Operator,634,6,Sheriff,118,52
402,574,TSM FTX sym#katie,278.0,178.2,1.25,38.5,54.0,Jett,22.0,54.8,271.3,Neon,13.0,62.5,275.2,Chamber,8.5,50.0,265.1,Vandal,"1,596",54,Operator,241,11,Sheriff,206,63
403,574,twitch ion2x#2009,247.5,159.6,1.11,28.0,56.6,Chamber,42.0,46.1,241.5,Raze,21.0,56.8,260.4,Jett,17.0,71.9,244.4,Vandal,"1,592",46,Phantom,407,39,Operator,199,10
404,574,TTV Nysoo7#TkTok,223.0,145.4,1.21,22.9,57.9,Chamber,49.0,54.4,228.6,Sova,13.0,60.0,187.6,Omen,5.9,54.5,221.4,Phantom,790,30,Vandal,702,42,Operator,274,4
405,573,Cue#doom,182.7,118.7,0.91,21.5,51.8,Astra,13.0,54.5,182.3,Fade,8.3,64.3,187.2,Viper,8.1,42.9,181.1,Vandal,804,31,Phantom,233,25,Spectre,132,19
406,573,DOOMSDAY#ilco,228.6,147.7,1.1,32.0,51.1,Chamber,33.0,42.6,230.7,Reyna,24.0,65.1,242.5,Jett,3.0,40.0,216.8,Vandal,"1,223",51,Operator,346,13,Sheriff,89,37
407,573,noni#2009,229.8,145.6,1.08,23.2,51.6,Reyna,78.0,55.9,240.8,Jett,37.0,52.1,228.3,Chamber,27.0,42.0,224.4,Vandal,"2,461",45,Judge,782,12,Ghost,329,53
408,573,Toarklet#NA1,212.5,139.1,0.95,18.6,55.6,Sova,37.0,54.5,192.5,Reyna,27.0,64.6,248.9,Raze,14.0,69.2,232.1,Vandal,"1,286",33,Phantom,728,28,Sheriff,219,43
409,571,OpTic Marved#ICE,231.2,153.6,1.1,30.5,46.2,Chamber,20.0,57.9,240.4,Fade,14.0,48.1,221.3,Astra,7.1,42.9,243.5,Vandal,"1,536",43,Ghost,131,46,Spectre,125,27
410,571,khoi#MAXIM,200.9,128.1,0.93,15.2,50.0,Breach,16.0,62.1,203.8,Fade,14.0,48.1,190.1,Sova,9.6,17.6,201.0,Vandal,587,24,Phantom,425,23,Classic,157,25
411,571,AztKk#MEXX,203.2,131.3,0.98,23.9,55.9,Chamber,5.4,40.0,186.7,Viper,3.7,71.4,200.7,Fade,2.8,80.0,182.4,Vandal,333,32,Phantom,178,29,Ghost,78,60
412,571,Troll#Van,199.6,129.6,1.02,23.2,48.3,Breach,12.0,61.9,167.0,Sova,12.0,35.0,198.6,KAY/O,10.0,50.0,203.8,Vandal,"1,634",32,Phantom,281,25,Ghost,206,44
413,571,EXA#tina,215.6,139.8,0.99,25.3,49.5,Chamber,23.0,47.7,226.8,Brimstone,10.0,42.1,191.6,Jett,10.0,36.8,214.1,Vandal,"1,781",38,Phantom,276,33,Sheriff,166,48
414,571,Glizzy Goblin#4fun,209.7,137.0,1.06,18.2,57.8,Chamber,13.0,75.0,237.9,Omen,12.0,66.7,207.5,Fade,12.0,82.6,185.1,Vandal,"1,017",30,Phantom,425,23,Spectre,173,20
415,570,stig#zzz,239.2,152.6,1.07,30.3,48.9,Jett,38.0,50.7,244.3,Chamber,8.2,53.3,242.4,Reyna,2.0,25.0,182.8,Vandal,778,44,Operator,187,13,Ghost,111,45
416,570,RicIsSick#Clan,197.3,129.2,1.01,28.8,49.0,Sova,17.0,38.7,195.1,KAY/O,11.0,57.1,199.7,Sage,11.0,54.5,180.3,Vandal,925,46,Phantom,651,37,Spectre,213,22
417,568,koldqt#yuki,221.4,143.6,1.06,24.3,61.4,Jett,17.0,63.3,242.2,Chamber,11.0,59.1,223.6,Sova,7.4,38.5,191.1,Vandal,967,37,Phantom,243,34,Operator,169,8
418,566,Roar#1234,218.8,142.4,1.09,30.3,57.3,Chamber,18.0,58.8,220.4,Jett,16.0,63.3,237.0,Reyna,3.2,66.7,216.3,Vandal,807,43,Ghost,119,54,Spectre,115,32
419,566,Ellep#777,226.4,149.8,1.2,32.2,52.3,Chamber,49.0,52.3,248.7,Brimstone,12.0,60.0,200.2,Astra,9.8,52.9,219.2,Vandal,"2,055",47,Ghost,211,45,Phantom,180,35
420,566,santea#lei,235.8,155.6,1.09,29.9,60.4,Raze,7.1,84.6,229.4,Harbor,6.9,46.2,221.2,Omen,6.4,33.3,243.9,Vandal,940,45,Phantom,149,37,Spectre,125,31
421,566,drag#1337,187.9,126.7,0.99,27.5,52.6,Omen,32.0,54.2,197.0,Sova,23.0,51.3,177.8,Chamber,11.0,52.4,205.8,Vandal,"1,603",39,Spectre,153,25,Sheriff,131,55
423,566,pierson#wasd,231.9,150.6,0.98,16.4,57.6,Chamber,16.0,53.3,226.1,Jett,14.0,50.0,267.2,Fade,6.3,80.0,225.4,Vandal,"1,085",24,Phantom,330,25,Spectre,145,20
425,565,tR demon#6808,227.4,148.7,1.05,29.1,53.0,Chamber,58.0,54.7,231.0,Jett,3.1,60.0,215.5,Raze,2.7,50.0,250.4,Vandal,906,45,Operator,296,13,Phantom,151,39
426,565,Tyzn#FPS,214.5,140.9,0.97,19.5,53.7,Reyna,23.0,57.1,222.4,Jett,19.0,55.6,206.4,Raze,11.0,59.1,232.1,Vandal,967,33,Phantom,185,25,Spectre,176,21
427,565,GaryTheSnail#PCHS,211.3,137.8,1.03,29.2,47.9,Chamber,35.0,61.3,216.9,Sova,24.0,51.2,210.3,KAY/O,15.0,42.9,214.5,Vandal,"2,557",43,Spectre,316,28,Sheriff,213,60
428,564,prune#11k,217.0,141.0,0.98,24.0,53.9,Raze,15.0,42.9,241.2,Jett,10.0,55.6,219.5,Chamber,7.4,69.2,240.5,Vandal,971,41,Spectre,176,23,Phantom,164,37
429,564,gochu#7023,201.2,132.6,1.04,33.1,54.6,Chamber,11.0,65.0,214.5,Brimstone,9.8,57.9,200.2,Astra,9.0,58.8,208.1,Vandal,800,44,Ghost,114,50,Phantom,101,42
430,564,cai#8965,211.4,137.4,1.1,28.8,51.0,Viper,18.0,48.5,201.5,Fade,10.0,66.7,183.1,Sova,8.4,40.0,189.9,Vandal,967,45,Phantom,560,40,Spectre,242,29
431,564,bjjn00dl#PAPI,213.4,138.5,1.0,35.3,57.3,Omen,34.0,64.1,223.5,Brimstone,25.0,56.5,205.2,Chamber,20.0,48.7,231.4,Vandal,"2,118",50,Spectre,226,39,Frenzy,136,38
432,563,Nubstir#1337,219.2,145.1,1.08,32.7,50.4,Sova,13.0,45.8,211.5,Skye,11.0,59.1,222.5,Jett,9.0,37.5,188.9,Vandal,"1,483",43,Ghost,157,51,Sheriff,146,74
433,563,crouchNspray#whiff,211.1,137.3,1.08,22.2,52.7,Omen,14.0,55.6,216.8,Fade,12.0,59.1,204.6,Chamber,12.0,52.2,203.9,Vandal,"1,092",35,Phantom,464,32,Stinger,198,16
434,563,onuh#PRBLM,242.1,158.6,1.04,16.5,56.0,Raze,51.0,59.8,249.5,Jett,12.0,54.5,237.3,Reyna,10.0,45.0,233.8,Vandal,"1,094",31,Phantom,429,29,Sheriff,247,32
435,562,Norman#goat,243.3,159.2,1.21,22.4,53.2,Chamber,7.2,58.3,235.8,Fade,4.8,50.0,206.6,Jett,3.9,85.7,323.6,Vandal,769,34,Phantom,166,27,Operator,76,15
436,562,brandon#viet,280.3,185.9,1.39,27.9,53.0,Jett,31.0,53.4,281.0,Phoenix,24.0,60.5,294.9,Reyna,16.0,53.6,274.8,Vandal,"1,706",45,Sheriff,206,39,Ghost,160,41
437,562,PreFx#slime,247.7,161.3,1.24,30.3,64.4,Jett,39.0,69.4,254.6,Chamber,20.0,57.9,251.1,Raze,8.2,60.0,246.3,Vandal,"1,593",44,Ghost,221,47,Operator,208,7
438,561,Dogo#0001,258.9,168.3,1.15,31.8,50.7,Jett,25.0,52.2,276.6,Reyna,6.1,72.7,239.1,Raze,5.6,33.3,210.5,Vandal,899,46,Sheriff,123,52,Ghost,99,58
440,560,SWERVOSHIESTY#42069,244.1,156.8,1.2,25.6,51.5,Chamber,23.0,63.6,257.2,Jett,7.4,15.4,218.5,Reyna,6.9,69.2,259.1,Vandal,645,40,Phantom,343,35,Ghost,92,45
441,560,someone duo w me#pls,295.6,189.3,1.4,42.0,66.2,Chamber,14.0,71.4,296.9,Jett,9.6,83.3,325.1,Reyna,2.9,40.0,261.3,Vandal,748,56,Sheriff,127,60,Operator,70,7
442,560,Rahr#tig,240.0,157.6,1.12,24.7,56.7,Sova,10.0,55.6,227.8,Raze,10.0,61.1,267.4,Fade,4.6,37.5,234.0,Vandal,570,39,Phantom,424,33,Spectre,149,30
443,560,FFE Zamal#Aim,207.9,134.0,1.0,39.4,52.4,Chamber,24.0,50.0,217.2,Jett,23.0,51.2,219.6,Skye,20.0,59.5,220.5,Vandal,"1,868",56,Ghost,305,66,Operator,196,8
444,560,i play 4 myself#grass,254.3,165.4,1.26,27.9,60.0,Reyna,17.0,46.7,243.3,Chamber,16.0,67.7,286.3,Raze,11.0,70.0,260.7,Vandal,972,44,Phantom,529,41,Spectre,182,32
445,560,Nguy3n#B1t,243.7,161.0,1.34,24.1,56.7,Reyna,45.0,56.4,255.1,Chamber,28.0,53.8,231.1,KAY/O,1.3,100.0,165.9,Vandal,"1,514",32,Spectre,221,25,Phantom,195,31
446,559,Tristie#2913,210.8,139.3,1.11,30.0,52.8,Sova,27.0,55.3,220.5,Fade,12.0,57.1,215.6,Breach,8.8,53.3,191.6,Vandal,988,44,Ghost,126,50,Sheriff,98,70
447,559,RF Jayymilz#TTV,207.7,134.6,1.04,28.4,49.4,Astra,38.0,52.2,203.5,Viper,24.0,45.2,212.7,Brimstone,22.0,51.3,213.2,Vandal,"1,239",43,Phantom,488,44,Spectre,191,37
448,559,Feick#1TAP,246.0,159.4,1.19,31.4,60.2,Reyna,44.0,67.9,253.6,Jett,18.0,46.9,235.7,Sage,9.9,44.4,227.1,Vandal,"1,486",43,Sheriff,249,51,Phantom,185,38
450,559,kamiyada#666,216.7,141.9,0.98,24.1,50.8,Brimstone,38.0,57.1,209.2,Chamber,35.0,49.2,224.7,Phoenix,24.0,47.6,242.1,Vandal,"2,333",35,Sheriff,252,56,Spectre,195,24
451,558,funbunsz#TTV,224.8,150.6,1.24,36.4,51.3,Chamber,14.0,50.0,223.3,Jett,13.0,43.5,222.0,Reyna,10.0,52.9,216.9,Vandal,"1,304",50,Sheriff,158,69,Ghost,145,50
452,558,AVEHAN#kunt,224.5,146.9,1.14,32.3,54.0,Omen,22.0,62.8,215.2,Chamber,17.0,60.0,256.9,Fade,14.0,45.8,205.6,Vandal,"1,763",46,Spectre,178,31,Ghost,131,43
453,558,naisu#zzzzz,209.3,136.3,1.01,31.6,57.2,Chamber,16.0,71.4,218.4,Reyna,10.0,70.6,224.4,Sova,6.5,83.3,199.8,Vandal,"1,067",47,Phantom,374,38,Ghost,148,50
455,558,VALK smalls#wtp,228.9,149.9,1.17,31.1,56.7,Chamber,47.0,52.4,230.7,Reyna,28.0,63.0,247.2,Fade,15.0,57.1,202.9,Vandal,"2,026",44,Ghost,198,46,Sheriff,120,58
456,557,Teague#DJM,199.9,128.9,0.94,24.6,50.7,KAY/O,11.0,38.9,194.2,Fade,8.3,71.4,193.6,Chamber,5.2,55.6,233.2,Vandal,561,39,Phantom,174,33,Spectre,53,22
457,557,Tea#ytube,215.4,138.0,1.04,19.3,47.9,Yoru,78.0,48.2,215.6,Brimstone,1.0,50.0,212.4,Reyna,0.6,0.0,193.6,Vandal,917,33,Phantom,414,31,Spectre,244,18
458,557,olivia#edate,317.7,209.5,1.6,27.5,74.5,Reyna,23.0,76.7,319.7,Fade,1.1,50.0,257.4,Chamber,0.7,0.0,384.4,Vandal,867,34,Ghost,110,43,Spectre,42,19
460,556,LFT melvin#REFRM,262.4,171.8,1.14,24.8,50.9,Jett,19.0,52.9,265.6,Reyna,9.4,47.1,266.6,Chamber,2.8,40.0,226.1,Vandal,560,43,Phantom,149,38,Operator,135,9
461,556,sukwar#6969,234.5,153.2,1.14,26.0,57.1,Sova,15.0,66.7,223.9,Reyna,7.4,57.1,256.3,Fade,7.2,46.2,229.3,Vandal,940,35,Phantom,169,33,Ghost,94,40
462,556,smiley#csgo,228.4,153.0,1.03,20.5,49.2,Raze,83.0,50.3,239.8,Phoenix,47.0,48.2,225.5,Chamber,20.0,51.4,224.0,Vandal,"1,796",35,Phantom,"1,149",30,Spectre,646,23
464,556,Judgment#KAYO,211.6,137.8,1.09,19.6,54.1,KAY/O,66.0,51.3,214.3,Skye,23.0,70.7,209.6,Yoru,2.3,25.0,205.8,Vandal,"1,083",34,Phantom,701,26,Ghost,198,38
465,556,bui#604,230.6,151.3,1.11,22.6,57.3,Jett,83.0,57.1,237.7,Fade,8.2,71.4,201.9,Chamber,6.7,50.0,205.7,Vandal,"1,181",34,Phantom,659,30,Ghost,215,39
466,556,Sentinel2Rad#iant,226.6,148.1,1.12,27.5,51.4,Chamber,202.0,51.9,230.4,Sage,42.0,53.4,211.5,Cypher,12.0,40.0,228.0,Vandal,"3,775",38,Phantom,867,35,Operator,662,14
467,555,traded#NYC,229.1,149.4,1.08,33.7,43.4,Jett,89.0,46.3,231.1,Reyna,24.0,47.7,231.7,Chamber,14.0,17.9,232.7,Vandal,"2,979",49,Sheriff,424,49,Phantom,280,44
468,555,SkuLLy#Jai,217.7,141.3,1.05,18.7,50.4,Reyna,123.0,52.5,225.2,Fade,6.3,44.4,168.2,Chamber,4.7,50.0,204.2,Vandal,"2,367",31,Stinger,"1,201",18,Frenzy,380,26
470,555,wtp interlaced#777,207.1,138.6,1.05,28.3,58.3,Sova,27.0,56.0,204.0,KAY/O,13.0,50.0,201.6,Fade,9.2,62.5,203.0,Vandal,"1,147",44,Spectre,148,26,Ghost,129,50
471,554,tylerboy#yoo,237.4,156.4,1.12,24.4,50.6,Raze,7.1,71.4,264.6,Chamber,7.1,38.5,228.1,Sova,5.1,33.3,232.5,Vandal,622,42,Phantom,235,33,Operator,62,6
472,554,KIMCHI#JIZEL,209.3,135.8,1.08,22.1,48.9,Omen,17.0,50.0,213.8,Fade,12.0,50.0,200.5,Viper,9.2,43.8,193.7,Vandal,"1,017",33,Phantom,492,26,Spectre,165,20
473,554,delusional zoady#solo,202.5,132.8,0.94,27.2,50.5,Raze,22.0,60.0,224.7,Chamber,17.0,38.7,201.3,Jett,16.0,37.5,209.9,Vandal,"1,608",45,Phantom,327,40,Ghost,266,48
474,554,V0NS#BANG,213.3,142.9,1.0,24.2,54.8,Raze,18.0,72.7,225.8,Jett,11.0,42.9,212.1,Fade,7.1,38.5,203.6,Vandal,804,39,Phantom,279,38,Spectre,100,21
475,554,Elit3#cutie,229.1,151.6,1.19,28.5,58.5,Phoenix,18.0,51.5,241.2,Reyna,15.0,65.5,218.4,Chamber,9.6,64.7,225.1,Vandal,986,41,Ghost,119,41,Spectre,91,23
476,554,LR Rykinn#Boba,221.3,144.2,1.08,22.2,50.0,Chamber,15.0,71.4,237.9,Astra,13.0,40.0,204.7,Viper,11.0,35.0,209.4,Phantom,"1,000",30,Vandal,433,37,Spectre,196,21
477,554,USFCA шooo#USFCA,207.4,135.7,0.99,31.0,51.7,Sova,24.0,54.5,207.0,Fade,10.0,55.6,193.6,Breach,6.8,23.1,204.9,Phantom,757,39,Vandal,398,47,Spectre,120,31
478,554,ozo2#0409,285.0,182.1,1.46,23.1,60.6,Reyna,29.0,66.7,296.6,Chamber,17.0,46.9,270.6,Phoenix,2.3,50.0,310.4,Vandal,"1,145",31,Phantom,193,33,Operator,181,7
479,553,SQ nerve#ncie,200.7,132.2,0.96,28.5,45.0,Viper,14.0,64.0,211.1,Astra,14.0,29.2,212.7,Chamber,14.0,48.0,210.0,Vandal,"1,499",39,Sheriff,168,60,Phantom,113,30
480,553,thaisama#doob,188.6,123.9,0.89,19.9,55.5,Astra,13.0,48.0,190.3,Fade,8.3,60.0,194.8,Viper,8.1,64.3,187.9,Vandal,667,30,Phantom,281,27,Spectre,112,16
481,553,BSU Tn#yummy,225.3,144.9,1.15,28.7,51.0,Chamber,32.0,54.0,220.9,Jett,26.0,55.3,231.6,Raze,17.0,46.7,249.5,Vandal,"1,668",39,Phantom,487,35,Ghost,255,53
482,553,IMM beqq#2006,219.8,144.2,1.01,23.9,53.1,Raze,24.0,58.1,262.5,Jett,21.0,46.2,229.5,Astra,17.0,63.6,215.3,Vandal,"1,628",36,Phantom,"1,095",34,Spectre,290,26
483,553,Jeba#JSC,249.1,161.2,1.15,26.4,56.2,Jett,28.0,68.0,257.7,Chamber,13.0,48.0,250.1,Raze,8.8,40.0,251.7,Vandal,"1,548",40,Ghost,185,48,Spectre,161,23
486,552,ceredon#123,213.1,138.2,1.06,25.0,62.2,Sova,8.4,50.0,202.1,Jett,8.0,93.8,258.1,Fade,6.3,50.0,201.4,Vandal,790,38,Spectre,107,21,Phantom,93,32
487,552,alphashamu#001,204.5,134.7,1.28,22.4,73.5,Chamber,10.0,63.2,215.2,Viper,10.0,78.9,211.1,Sova,8.3,100.0,210.4,Vandal,520,34,Phantom,217,28,Sheriff,69,46
489,551,whitr#UofA,197.3,129.9,1.01,24.2,47.4,Chamber,6.8,58.3,260.6,Brimstone,6.5,63.6,196.6,Sova,4.6,62.5,196.7,Vandal,706,39,Classic,61,31,Ghost,48,35
490,551,wtp NELBLOOD18 M#CJBJ,245.2,159.9,1.16,32.5,51.3,Jett,60.0,54.6,247.9,Neon,4.4,37.5,265.7,Chamber,4.3,50.0,235.9,Vandal,"1,418",49,Phantom,293,43,Operator,233,7
491,551,dags#Dan,210.4,135.6,1.05,22.9,58.8,Chamber,24.0,43.2,217.5,Jett,10.0,84.2,210.5,Fade,5.9,80.0,183.7,Vandal,536,33,Phantom,150,33,Operator,147,6
493,551,FF KoN#lena,253.7,165.4,1.17,30.9,52.1,Reyna,41.0,62.3,268.3,Chamber,26.0,48.9,244.7,Jett,17.0,37.5,236.7,Vandal,"2,212",44,Ghost,261,45,Operator,195,18
494,551,CLG rise#6302,181.3,120.9,0.9,23.9,51.3,Sova,27.0,56.0,174.7,Viper,27.0,56.9,190.2,Brimstone,25.0,52.2,164.6,Vandal,"2,281",36,Phantom,374,29,Spectre,306,25
495,550,DarkenMatter#mjc,189.1,126.1,0.98,25.6,59.3,Brimstone,7.2,50.0,158.6,Viper,6.2,75.0,186.9,Astra,6.0,50.0,206.9,Vandal,574,36,Spectre,65,26,Ghost,63,45
496,550,ttv PoneCone1#990,216.5,146.7,1.05,25.1,52.9,Phoenix,18.0,53.1,234.0,Jett,17.0,50.0,216.5,Chamber,16.0,58.6,207.3,Vandal,"1,068",37,Ghost,105,38,Phantom,86,29
497,550,J rhee#1999,224.4,148.9,1.13,26.8,53.4,Chamber,49.0,58.9,230.2,Jett,20.0,55.6,241.6,Viper,5.7,50.0,190.1,Vandal,"1,502",39,Operator,196,13,Phantom,192,36
498,549,saint#143,207.4,135.5,0.91,28.7,46.4,Jett,30.0,50.9,231.0,Chamber,14.0,53.8,203.6,Reyna,12.0,45.5,218.9,Vandal,"2,202",44,Sheriff,241,60,Phantom,230,35
499,549,Tairany#000,214.6,142.6,0.98,22.0,54.4,Sova,36.0,59.1,213.3,Raze,24.0,57.8,221.2,Chamber,14.0,51.9,204.8,Vandal,820,42,Phantom,747,37,Ghost,134,44
500,549,randomcmr#7177,230.8,149.3,1.13,29.8,51.9,Jett,137.0,51.4,235.6,Chamber,21.0,69.2,235.3,Sova,2.7,60.0,183.0,Vandal,"2,491",43,Phantom,593,37,Spectre,444,25
501,549,Tank#cndy,250.9,163.0,1.19,23.1,64.5,Reyna,15.0,70.4,279.2,Jett,11.0,63.6,246.9,Raze,9.1,55.6,282.3,Vandal,794,34,Phantom,525,34,Spectre,165,27
502,549,BSTAR#PreFx,258.4,165.8,1.26,25.8,63.4,Raze,30.0,55.6,269.6,Jett,16.0,67.7,280.3,Phoenix,14.0,67.9,279.3,Vandal,"2,111",40,Phantom,510,30,Ghost,346,40
503,548,ShimmyXD#NA1,199.6,131.1,0.96,23.8,50.0,Fade,11.0,42.1,186.2,Viper,8.4,53.3,192.8,Brimstone,3.1,50.0,193.3,Vandal,392,35,Phantom,226,30,Classic,72,40
504,548,Kizou#aim,239.1,154.6,1.12,36.3,54.6,Chamber,33.0,59.3,243.2,Reyna,13.0,65.4,261.4,Jett,12.0,42.9,252.5,Vandal,"1,790",50,Bulldog,134,54,Ghost,111,46
506,547,ranked thrower#8076,223.8,147.3,1.13,23.0,51.9,Chamber,23.0,41.9,218.6,Jett,13.0,40.0,248.2,Raze,11.0,65.0,231.9,Vandal,"1,067",37,Phantom,344,29,Operator,240,8
507,547,LFT metropolis#2001,211.4,139.7,1.06,36.0,53.3,Brimstone,22.0,58.3,218.0,Harbor,14.0,59.3,193.5,Yoru,7.4,38.5,200.8,Vandal,"1,244",50,Sheriff,178,65,Ghost,155,52
508,547,boopz#sora,204.1,133.5,1.03,29.8,58.6,Fade,59.0,54.6,201.8,KAY/O,16.0,69.0,208.6,Breach,3.7,57.1,203.0,Vandal,853,45,Phantom,829,34,Ghost,219,45
509,546,ericdoa#saint,209.7,135.9,1.03,26.8,48.6,Chamber,82.0,49.7,216.4,Reyna,36.0,54.0,219.2,Sova,36.0,41.9,195.8,Vandal,"2,743",45,Operator,710,8,Phantom,397,35
510,546,Ziehm#TTV,215.1,140.8,1.01,19.7,46.0,Jett,36.0,46.9,220.3,Raze,19.0,51.4,238.3,Sova,15.0,51.7,208.8,Vandal,"2,089",29,Phantom,788,27,Ghost,208,28
511,545,FFE Papicam#J34,213.4,138.6,1.16,24.7,50.0,Chamber,21.0,56.1,226.6,KAY/O,7.1,46.2,193.1,Raze,5.1,50.0,225.8,Vandal,687,39,Operator,193,6,Phantom,110,39
512,545,sh1r0#420,218.0,146.5,1.03,34.9,53.7,Jett,26.0,52.1,233.6,Reyna,15.0,51.9,216.5,Chamber,9.0,52.9,211.6,Vandal,"1,632",46,Sheriff,183,61,Ghost,98,48
513,545,Saurioll#POP,218.6,145.6,1.03,33.8,57.1,Jett,21.0,64.1,246.0,Chamber,21.0,55.3,208.9,Omen,10.0,61.1,196.7,Vandal,"1,485",48,Phantom,329,41,Bulldog,140,37
514,545,NOS#VAC,218.3,140.0,0.98,24.3,52.1,Jett,18.0,64.7,241.3,Raze,16.0,40.0,212.3,Chamber,15.0,53.6,210.7,Vandal,"1,782",42,Spectre,208,27,Stinger,202,24
515,544,Jett Bezos#KEKW,227.1,146.1,1.04,26.8,50.4,Jett,24.0,39.0,207.5,Chamber,14.0,55.2,244.0,Reyna,7.0,66.7,248.3,Vandal,"1,196",40,Ghost,110,45,Spectre,99,25
516,544,KRO Jrmzie#999,224.4,148.5,1.13,28.1,55.5,Chamber,56.0,56.6,245.1,Breach,19.0,76.5,212.6,Fade,15.0,51.9,197.1,Vandal,"2,340",42,Ghost,232,36,Phantom,171,31
517,544,jcStani#billy,222.8,145.2,1.09,39.1,55.6,Astra,80.0,53.4,222.8,Chamber,50.0,57.6,230.3,Viper,40.0,60.0,232.9,Phantom,"3,221",49,Vandal,"2,303",54,Ghost,623,60
